Age,Height,Weight,Sex_encoded,Team_encoded,Sport_encoded,Season_encoded,Medal_Won
24.0,180.0,80.0,1,19,6,0,0
23.0,170.0,60.0,1,19,26,0,0
21.0,185.0,82.0,0,81,37,1,0
21.0,185.0,82.0,0,81,37,1,0
25.0,185.0,82.0,0,81,37,1,0
25.0,185.0,82.0,0,81,37,1,0
27.0,185.0,82.0,0,81,37,1,0
27.0,185.0,82.0,0,81,37,1,0
31.0,188.0,75.0,1,133,12,1,0
31.0,188.0,75.0,1,133,12,1,0
31.0,188.0,75.0,1,133,12,1,0
31.0,188.0,75.0,1,133,12,1,0
33.0,188.0,75.0,1,133,12,1,0
33.0,188.0,75.0,1,133,12,1,0
33.0,188.0,75.0,1,133,12,1,0
33.0,188.0,75.0,1,133,12,1,0
31.0,183.0,72.0,1,133,12,1,0
31.0,183.0,72.0,1,133,12,1,0
31.0,183.0,72.0,1,133,12,1,0
31.0,183.0,72.0,1,133,12,1,0
33.0,183.0,72.0,1,133,12,1,0
33.0,183.0,72.0,1,133,12,1,0
33.0,183.0,72.0,1,133,12,1,0
33.0,183.0,72.0,1,133,12,1,0
26.0,186.0,96.0,1,40,25,1,0
22.0,182.0,76.5,1,40,12,1,0
31.0,172.0,70.0,1,40,4,0,0
30.0,159.0,55.5,0,40,33,0,0
34.0,159.0,55.5,0,40,33,0,0
32.0,171.0,65.0,0,40,8,1,0
28.0,184.0,85.0,1,40,25,1,1
28.0,175.0,64.0,1,40,22,0,1
28.0,175.0,64.0,1,40,22,0,1
28.0,175.0,64.0,1,40,22,0,0
28.0,175.0,64.0,1,40,22,0,1
28.0,175.0,64.0,1,40,22,0,0
28.0,175.0,64.0,1,40,22,0,0
28.0,175.0,64.0,1,40,22,0,0
28.0,175.0,64.0,1,40,22,0,1
32.0,175.0,64.0,1,40,22,0,0
32.0,175.0,64.0,1,40,22,0,1
32.0,175.0,64.0,1,40,22,0,0
32.0,175.0,64.0,1,40,22,0,0
32.0,175.0,64.0,1,40,22,0,0
32.0,175.0,64.0,1,40,22,0,0
32.0,175.0,64.0,1,40,22,0,0
32.0,175.0,64.0,1,40,22,0,0
31.0,189.0,130.0,1,40,3,0,0
20.0,176.0,85.0,1,88,0,1,0
20.0,176.0,85.0,1,88,0,1,1
20.0,176.0,85.0,1,88,0,1,1
20.0,176.0,85.0,1,88,0,1,0
22.0,176.0,85.0,1,88,0,1,1
22.0,176.0,85.0,1,88,0,1,1
22.0,176.0,85.0,1,88,0,1,0
22.0,176.0,85.0,1,88,0,1,0
22.0,176.0,85.0,1,88,0,1,1
26.0,176.0,85.0,1,88,0,1,0
26.0,176.0,85.0,1,88,0,1,0
26.0,176.0,85.0,1,88,0,1,0
26.0,176.0,85.0,1,88,0,1,0
30.0,176.0,85.0,1,88,0,1,0
30.0,176.0,85.0,1,88,0,1,1
30.0,176.0,85.0,1,88,0,1,0
30.0,176.0,85.0,1,88,0,1,0
30.0,176.0,85.0,1,88,0,1,1
34.0,176.0,85.0,1,88,0,1,0
34.0,176.0,85.0,1,88,0,1,1
22.0,170.0,125.0,0,99,48,0,0
22.0,187.0,89.0,1,88,49,0,0
26.0,187.0,89.0,1,88,49,0,0
17.0,169.0,65.0,0,88,27,1,0
43.0,170.0,77.0,1,88,33,0,0
47.0,170.0,77.0,1,88,33,0,0
26.0,189.0,72.0,1,81,31,0,1
30.0,189.0,72.0,1,81,31,0,0
24.0,174.0,70.0,1,38,3,0,0
24.0,187.0,76.0,1,40,33,0,0
28.0,187.0,76.0,1,40,33,0,0
30.0,187.0,76.0,1,42,3,0,0
24.0,190.0,98.0,1,88,9,1,0
21.0,194.0,78.0,1,81,38,0,0
21.0,194.0,78.0,1,81,38,0,0
21.0,194.0,78.0,1,81,38,0,0
25.0,194.0,78.0,1,81,38,0,0
25.0,194.0,78.0,1,81,38,0,0
23.0,182.0,64.0,0,88,19,0,1
34.0,185.0,75.0,1,88,16,0,0
25.0,182.0,73.0,1,38,12,1,0
25.0,182.0,73.0,1,38,12,1,0
29.0,182.0,73.0,1,38,12,1,0
29.0,182.0,73.0,1,38,12,1,0
29.0,182.0,73.0,1,38,12,1,0
33.0,194.0,93.0,1,88,34,0,0
45.0,194.0,93.0,1,88,34,0,0
49.0,194.0,93.0,1,88,34,0,0
53.0,194.0,93.0,1,88,34,0,0
57.0,194.0,93.0,1,88,34,0,0
22.0,177.0,74.0,1,88,3,0,0
22.0,177.0,74.0,1,88,3,0,0
26.0,177.0,74.0,1,88,3,0,0
30.0,177.0,74.0,1,88,3,0,0
24.0,168.0,65.0,0,38,3,0,0
28.0,168.0,65.0,0,38,3,0,0
22.0,185.0,106.0,1,38,49,0,0
26.0,185.0,106.0,1,38,49,0,0
23.0,167.0,64.0,1,112,22,0,0
23.0,167.0,64.0,1,112,22,0,0
23.0,167.0,64.0,1,112,22,0,0
23.0,167.0,64.0,1,112,22,0,0
23.0,167.0,64.0,1,112,22,0,0
23.0,167.0,64.0,1,112,22,0,0
22.0,189.0,80.0,1,42,3,0,0
24.0,172.0,58.0,1,35,41,0,0
26.0,170.0,65.0,1,112,3,0,0
24.0,176.0,66.0,1,14,10,0,0
24.0,164.0,71.0,1,14,48,0,0
28.0,164.0,71.0,1,14,48,0,0
24.0,172.0,75.0,1,14,48,0,0
26.0,175.0,72.0,1,14,19,0,0
21.0,198.0,90.0,1,60,31,0,1
30.0,194.0,87.0,1,112,17,0,1
21.0,165.0,49.0,0,6,41,0,1
22.0,179.0,80.0,0,100,3,0,1
26.0,179.0,80.0,0,100,3,0,0
23.0,178.0,76.0,1,3,38,0,0
23.0,178.0,76.0,1,3,38,0,0
19.0,185.0,72.0,0,112,6,0,0
26.0,167.0,65.0,1,26,15,0,0
27.0,172.0,82.0,1,26,11,0,0
27.0,172.0,82.0,1,26,11,0,0
24.0,180.0,83.0,1,9,11,0,0
28.0,180.0,83.0,1,9,11,0,1
23.0,182.0,86.0,1,42,23,0,1
27.0,182.0,86.0,1,42,23,0,1
31.0,182.0,86.0,1,42,23,0,1
30.0,182.0,73.0,0,3,31,0,0
22.0,178.0,70.0,1,50,17,0,0
22.0,185.0,82.0,1,15,19,0,1
27.0,166.0,75.0,1,15,10,0,0
22.0,186.0,83.0,1,112,47,0,1
22.0,190.0,77.0,1,50,19,0,0
26.0,183.0,75.0,1,77,42,0,0
26.0,165.0,55.0,1,133,49,0,1
24.0,181.0,82.0,1,112,33,0,0
28.0,181.0,82.0,1,112,33,0,1
32.0,181.0,82.0,1,112,33,0,0
22.0,182.0,67.0,1,112,3,0,0
26.0,182.0,67.0,1,112,3,0,1
29.0,188.0,97.0,1,111,49,0,0
25.0,168.0,105.0,0,111,3,0,0
21.0,163.0,60.0,0,100,14,0,1
21.0,163.0,60.0,0,100,14,0,0
27.0,190.0,80.0,1,60,3,0,0
21.0,180.0,73.0,1,60,19,0,0
34.0,190.0,85.0,1,42,23,0,0
38.0,190.0,85.0,1,42,23,0,1
35.0,155.0,43.0,0,50,3,0,0
18.0,168.0,60.0,1,84,3,0,0
16.0,180.0,70.0,1,84,3,0,0
30.0,169.0,75.0,1,77,17,0,0
30.0,169.0,75.0,1,77,17,0,0
30.0,169.0,75.0,1,77,17,0,0
30.0,181.0,79.0,1,53,17,0,1
25.0,170.0,51.0,1,86,10,0,0
19.0,175.0,75.0,1,1,10,0,0
23.0,175.0,75.0,1,1,10,0,0
22.0,188.0,96.0,1,60,31,0,1
29.0,188.0,96.0,1,60,31,0,1
34.0,188.0,96.0,1,60,31,0,1
22.0,182.0,90.0,1,60,31,0,1
26.0,182.0,90.0,1,60,31,0,1
30.0,182.0,90.0,1,60,31,0,1
34.0,182.0,90.0,1,60,31,0,0
20.0,187.0,97.0,1,60,31,0,0
25.0,187.0,97.0,1,60,31,0,1
29.0,187.0,97.0,1,60,31,0,1
33.0,187.0,97.0,1,60,31,0,1
23.0,176.0,64.0,1,66,3,0,0
23.0,176.0,64.0,1,66,3,0,0
27.0,176.0,64.0,1,66,3,0,0
20.0,175.0,66.0,1,7,3,0,0
22.0,190.0,88.0,1,89,3,0,0
21.0,169.0,67.0,1,57,48,0,0
22.0,175.0,80.0,1,57,19,0,0
20.0,160.0,65.0,1,66,3,0,0
24.0,181.0,74.0,1,89,3,0,0
22.0,178.0,78.0,1,69,3,0,0
22.0,178.0,78.0,1,69,3,0,0
22.0,165.0,65.0,1,35,14,0,0
26.0,170.0,70.0,1,57,38,0,0
23.0,168.0,55.0,1,89,0,1,0
28.0,173.0,77.0,1,98,48,0,0
25.0,178.0,80.0,1,89,24,0,0
29.0,178.0,80.0,1,89,24,0,0
37.0,178.0,80.0,1,89,24,0,0
28.0,170.0,62.0,1,72,24,0,0
20.0,164.0,58.0,0,56,0,1,0
20.0,165.0,60.0,1,89,24,0,0
24.0,165.0,60.0,1,89,24,0,0
28.0,165.0,60.0,1,89,24,0,0
28.0,173.0,60.0,0,56,31,0,0
22.0,181.0,74.0,1,6,3,0,0
18.0,182.0,76.0,1,6,38,0,0
33.0,159.0,53.0,0,6,48,0,0
28.0,171.0,64.0,0,60,47,0,0
23.0,192.0,90.0,1,60,19,0,0
23.0,178.0,72.0,0,81,23,0,0
29.0,195.0,85.0,1,60,6,0,0
15.0,175.0,64.0,1,60,18,1,0
19.0,175.0,64.0,1,60,18,1,0
24.0,180.0,104.0,1,57,48,0,0
42.0,172.0,80.0,1,16,33,0,0
46.0,172.0,80.0,1,16,33,0,0
30.0,167.0,58.0,0,58,16,0,0
30.0,167.0,58.0,0,58,16,0,0
26.0,183.0,75.0,1,133,3,0,0
21.0,184.0,87.0,1,5,24,0,1
23.0,179.0,80.0,1,110,24,0,0
24.0,175.0,70.0,1,133,18,1,0
28.0,175.0,70.0,1,133,18,1,0
28.0,175.0,70.0,1,133,18,1,1
19.0,179.0,71.0,1,16,11,0,0
41.0,160.0,57.0,0,16,33,0,0
21.0,164.0,63.0,0,16,33,0,0
30.0,163.0,52.0,0,133,14,0,0
34.0,185.0,91.0,1,16,33,0,0
23.0,191.0,88.0,0,133,36,0,1
40.0,165.0,57.0,0,79,1,0,0
22.0,185.0,98.0,1,35,49,0,0
26.0,185.0,98.0,1,35,49,0,0
34.0,185.0,98.0,1,35,49,0,0
23.0,195.0,94.0,1,35,46,0,0
22.0,192.0,83.0,1,35,23,0,0
26.0,192.0,83.0,1,35,23,0,0
15.0,167.0,60.0,0,35,39,0,0
15.0,167.0,60.0,0,35,39,0,0
19.0,167.0,60.0,0,35,39,0,0
25.0,163.0,57.0,1,37,3,0,0
28.0,203.0,97.0,1,35,46,0,0
20.0,175.0,56.0,0,133,41,0,1
21.0,168.0,57.0,1,122,3,0,0
29.0,168.0,57.0,1,122,3,0,0
23.0,169.0,68.0,1,66,3,0,0
19.0,158.0,49.0,0,63,3,0,0
18.0,172.0,61.0,0,35,15,0,0
25.0,174.0,70.0,1,35,46,0,0
32.0,168.0,68.0,1,35,34,0,0
23.0,174.0,69.0,1,35,14,0,0
23.0,180.0,56.0,1,114,10,0,0
32.0,180.0,56.0,1,114,10,0,0
18.0,154.0,48.0,0,35,39,0,0
22.0,154.0,48.0,0,35,39,0,0
18.0,153.0,46.0,0,35,39,0,0
30.0,186.0,100.0,1,35,47,0,0
32.0,152.0,52.0,1,35,48,0,0
24.0,193.0,82.0,1,35,46,0,0
25.0,189.0,85.0,1,35,6,0,0
24.0,183.0,76.0,1,125,23,0,0
28.0,172.0,68.0,1,35,49,0,0
23.0,178.0,67.0,1,35,6,0,0
27.0,178.0,67.0,1,35,6,0,0
25.0,188.0,92.0,1,35,47,0,0
19.0,198.0,80.0,1,35,6,0,0
23.0,198.0,80.0,1,35,6,0,0
23.0,197.0,87.0,1,35,46,0,0
31.0,197.0,87.0,1,35,46,0,0
21.0,176.0,74.0,1,70,3,0,0
27.0,188.0,79.0,1,35,46,0,0
30.0,180.0,120.0,1,35,49,0,0
28.0,170.0,60.0,1,35,34,0,0
36.0,170.0,60.0,1,35,34,0,0
36.0,170.0,60.0,1,35,34,0,0
21.0,190.0,83.0,1,35,17,0,0
26.0,190.0,95.0,1,35,31,0,0
22.0,165.0,48.0,1,35,10,0,0
27.0,195.0,95.0,1,35,10,0,0
22.0,157.0,48.0,1,35,10,0,0
23.0,165.0,57.0,0,35,34,0,0
27.0,165.0,57.0,0,35,34,0,0
35.0,165.0,57.0,0,35,34,0,0
27.0,188.0,89.0,1,35,46,0,0
24.0,176.0,60.0,1,35,10,0,0
26.0,175.0,81.0,1,35,26,0,0
24.0,173.0,77.0,1,35,48,0,0
28.0,173.0,77.0,1,35,48,0,0
17.0,159.0,51.0,0,35,39,0,0
21.0,170.0,58.0,1,114,3,0,0
21.0,170.0,94.0,1,35,48,0,0
25.0,170.0,94.0,1,35,48,0,0
36.0,170.0,70.0,1,35,34,0,0
40.0,170.0,70.0,1,35,34,0,0
23.0,184.0,68.0,1,1,19,0,0
19.0,160.0,46.0,0,35,39,0,0
23.0,170.0,60.0,1,35,49,0,0
20.0,165.0,60.0,1,35,26,0,0
23.0,194.0,96.0,1,35,3,0,0
22.0,167.0,63.0,1,35,22,0,0
22.0,167.0,63.0,1,35,22,0,0
22.0,167.0,63.0,1,35,22,0,0
22.0,167.0,63.0,1,35,22,0,0
22.0,167.0,63.0,1,35,22,0,0
26.0,207.0,90.0,1,35,46,0,0
24.0,170.0,63.0,1,1,3,0,0
19.0,170.0,63.0,1,1,3,0,0
23.0,170.0,63.0,1,1,3,0,0
22.0,173.0,60.0,0,1,46,0,0
26.0,173.0,60.0,0,1,46,0,0
22.0,170.0,80.0,1,56,49,0,0
26.0,170.0,80.0,1,56,49,0,1
27.0,176.0,56.0,1,10,3,0,0
27.0,176.0,56.0,1,10,3,0,0
30.0,178.0,66.0,1,5,3,0,0
34.0,178.0,66.0,1,5,3,0,0
19.0,177.0,65.0,1,98,3,0,0
23.0,177.0,65.0,1,98,3,0,0
21.0,170.0,57.0,1,31,3,0,0
25.0,170.0,57.0,1,31,3,0,0
23.0,178.0,61.0,1,133,3,0,0
27.0,178.0,61.0,1,133,3,0,0
31.0,178.0,61.0,1,133,3,0,0
35.0,178.0,61.0,1,133,3,0,0
19.0,169.0,74.0,1,5,49,0,0
23.0,169.0,74.0,1,5,49,0,0
27.0,169.0,74.0,1,5,49,0,0
21.0,173.0,59.0,0,16,38,0,0
21.0,173.0,59.0,0,16,38,0,0
21.0,173.0,59.0,0,16,38,0,1
24.0,183.0,75.0,1,56,19,0,0
26.0,176.0,60.0,1,15,10,0,0
23.0,185.0,67.0,1,21,3,0,0
29.0,175.0,85.0,1,16,49,0,0
22.0,165.0,60.0,1,35,28,0,0
19.0,180.0,76.0,1,35,28,0,0
19.0,180.0,76.0,1,35,28,0,0
23.0,180.0,76.0,1,35,28,0,0
23.0,180.0,76.0,1,35,28,0,0
27.0,180.0,67.0,0,15,46,0,0
23.0,188.0,78.0,1,35,6,0,0
30.0,165.0,60.0,1,64,10,0,0
17.0,147.0,50.0,0,13,3,0,0
24.0,184.0,70.0,1,57,3,0,0
22.0,180.0,73.0,1,66,19,0,0
24.0,163.0,61.0,1,72,24,0,0
28.0,163.0,61.0,1,72,24,0,0
19.0,160.0,53.0,0,35,40,0,0
19.0,160.0,53.0,0,35,40,0,0
27.0,160.0,53.0,0,35,40,0,0
23.0,172.0,90.0,1,13,34,0,0
27.0,172.0,90.0,1,13,34,0,0
19.0,175.0,55.0,1,114,38,0,0
30.0,180.0,117.5,1,57,48,0,0
34.0,180.0,117.5,1,57,48,0,0
22.0,169.0,65.0,1,105,19,0,0
23.0,169.0,60.0,1,66,3,0,0
23.0,169.0,60.0,1,66,3,0,0
20.0,156.0,59.0,1,57,10,0,0
17.0,176.0,68.0,1,98,3,0,0
17.0,168.0,54.0,1,73,3,0,0
26.0,172.0,70.0,1,105,19,0,0
34.0,178.0,74.0,1,56,47,0,0
30.0,175.0,80.0,1,63,34,0,0
29.0,174.0,55.0,1,39,14,0,0
24.0,173.0,64.0,1,72,3,0,0
38.0,169.0,91.0,1,89,24,0,1
23.0,181.0,72.0,1,89,24,0,1
22.0,163.0,56.0,0,57,3,0,0
26.0,163.0,56.0,0,57,3,0,0
24.0,180.0,72.0,1,105,19,0,0
32.0,158.0,58.0,0,55,48,0,0
21.0,185.0,80.0,1,57,19,0,0
22.0,175.0,75.0,1,57,19,0,0
21.0,172.0,66.0,1,86,3,0,0
21.0,172.0,66.0,1,86,3,0,0
25.0,172.0,66.0,1,86,3,0,0
25.0,172.0,66.0,1,86,3,0,0
22.0,180.0,59.0,0,16,3,0,0
26.0,166.0,61.0,0,35,17,0,0
26.0,160.0,62.0,1,111,49,0,1
24.0,181.0,73.0,1,94,38,0,0
24.0,181.0,73.0,1,94,38,0,0
24.0,181.0,73.0,1,94,38,0,0
24.0,181.0,73.0,1,94,38,0,0
24.0,181.0,73.0,1,94,38,0,0
27.0,164.0,55.0,1,98,3,0,0
20.0,184.0,79.0,1,35,38,0,0
31.0,187.0,83.0,1,133,31,0,0
21.0,188.0,77.0,1,72,38,0,0
21.0,188.0,77.0,1,72,38,0,0
21.0,188.0,77.0,1,72,38,0,0
25.0,188.0,77.0,1,72,38,0,0
28.0,188.0,91.0,1,6,10,0,0
27.0,164.0,60.0,1,6,49,0,0
32.0,164.0,60.0,1,6,49,0,0
22.0,169.0,63.0,1,136,10,0,0
26.0,169.0,63.0,1,136,10,0,1
22.0,190.0,130.0,1,136,49,0,0
26.0,190.0,130.0,1,136,49,0,0
25.0,167.0,55.0,1,6,49,0,1
29.0,167.0,55.0,1,6,49,0,1
33.0,167.0,55.0,1,6,49,0,0
21.0,170.0,47.0,0,6,3,0,0
27.0,175.0,74.0,1,6,49,0,0
16.0,162.0,72.0,0,35,48,0,0
20.0,162.0,72.0,0,35,48,0,0
23.0,168.0,68.0,1,131,19,0,0
20.0,168.0,62.0,1,131,19,0,0
15.0,170.0,59.0,0,35,39,0,0
19.0,170.0,59.0,0,35,39,0,0
19.0,170.0,59.0,0,35,39,0,0
18.0,150.0,60.0,1,66,3,0,0
19.0,181.0,66.0,1,66,3,0,0
23.0,181.0,66.0,1,66,3,0,0
33.0,178.0,74.0,1,57,10,0,0
21.0,162.0,69.0,1,35,48,0,0
25.0,162.0,69.0,1,35,48,0,0
23.0,202.0,104.0,1,133,6,0,1
22.0,178.0,73.0,1,136,10,0,0
19.0,183.0,74.0,1,67,41,0,0
23.0,183.0,74.0,1,67,41,0,0
26.0,172.0,74.0,1,136,49,0,0
29.0,192.0,117.0,1,121,26,0,0
26.0,172.0,60.0,1,100,10,0,0
26.0,170.0,84.0,1,121,49,0,0
30.0,170.0,84.0,1,121,49,0,1
34.0,170.0,84.0,1,121,49,0,0
26.0,190.0,125.0,1,130,3,0,1
34.0,190.0,125.0,1,136,3,0,0
24.0,174.0,72.0,1,111,14,0,0
32.0,174.0,72.0,1,136,14,0,0
18.0,162.0,54.0,1,67,10,0,0
24.0,177.0,75.0,1,61,3,0,0
24.0,178.0,67.0,1,62,9,1,0
24.0,178.0,67.0,1,62,9,1,0
28.0,178.0,67.0,1,62,9,1,0
28.0,178.0,67.0,1,61,9,1,0
25.0,166.0,69.0,1,61,49,0,0
23.0,168.0,68.0,1,61,17,0,0
25.0,167.0,62.0,1,61,49,0,0
22.0,175.0,64.0,1,61,29,1,0
22.0,175.0,64.0,1,61,29,1,0
26.0,175.0,64.0,1,61,29,1,0
28.0,175.0,64.0,1,61,29,1,1
28.0,175.0,64.0,1,61,29,1,0
23.0,173.0,68.0,1,61,3,0,0
23.0,173.0,68.0,1,61,3,0,0
24.0,178.0,70.0,1,61,6,0,0
28.0,178.0,70.0,1,61,6,0,0
21.0,179.0,91.0,1,61,5,0,0
29.0,179.0,91.0,1,61,5,0,0
26.0,166.0,57.0,1,61,49,0,0
21.0,190.0,80.0,1,61,31,0,0
25.0,190.0,80.0,1,61,31,0,0
29.0,190.0,80.0,1,61,31,0,0
28.0,170.0,60.0,1,61,24,0,0
18.0,168.0,60.0,0,61,14,0,0
31.0,175.0,67.0,1,61,14,0,0
22.0,177.0,75.0,1,61,19,0,0
21.0,160.0,50.0,1,39,3,0,0
21.0,160.0,50.0,1,39,3,0,1
22.0,173.0,62.0,1,39,14,0,0
22.0,173.0,62.0,1,39,14,0,0
23.0,170.0,51.0,1,1,10,0,0
27.0,180.0,83.0,1,56,17,0,0
31.0,180.0,83.0,1,56,17,0,0
22.0,194.0,92.0,1,12,46,0,0
26.0,194.0,92.0,1,12,46,0,0
19.0,169.0,48.0,0,112,30,0,0
19.0,190.0,73.0,1,12,19,0,0
20.0,163.0,52.0,0,133,39,0,0
23.0,185.0,102.0,1,133,25,1,1
19.0,183.0,80.0,1,139,29,1,0
23.0,183.0,80.0,1,139,29,1,0
19.0,160.0,48.0,0,33,22,0,0
19.0,160.0,48.0,0,33,22,0,1
19.0,160.0,48.0,0,33,22,0,0
19.0,160.0,48.0,0,33,22,0,0
19.0,160.0,48.0,0,33,22,0,0
19.0,160.0,48.0,0,33,22,0,0
16.0,160.0,62.0,0,16,15,0,0
20.0,160.0,62.0,0,16,15,0,0
20.0,160.0,62.0,0,16,15,0,1
24.0,160.0,62.0,0,16,15,0,0
24.0,160.0,62.0,0,16,15,0,0
25.0,165.0,55.0,0,46,22,0,0
25.0,165.0,55.0,0,46,22,0,0
25.0,165.0,55.0,0,46,22,0,0
25.0,165.0,55.0,0,46,22,0,0
25.0,165.0,55.0,0,46,22,0,0
25.0,163.0,46.0,0,112,3,0,0
29.0,163.0,46.0,0,112,3,0,0
22.0,184.0,85.0,1,46,3,0,0
30.0,184.0,85.0,1,46,3,0,0
18.0,153.0,48.0,0,59,22,0,0
18.0,153.0,48.0,0,59,22,0,0
18.0,153.0,48.0,0,59,22,0,0
18.0,153.0,48.0,0,59,22,0,0
18.0,153.0,48.0,0,59,22,0,0
22.0,176.0,66.0,1,77,19,0,0
37.0,174.0,63.0,1,112,3,0,0
23.0,173.0,61.0,0,15,3,0,0
22.0,166.0,58.0,1,39,3,0,1
24.0,192.0,68.0,1,39,3,0,0
27.0,186.0,84.0,1,3,31,0,0
30.0,186.0,84.0,1,3,31,0,0
34.0,186.0,84.0,1,3,31,0,0
23.0,181.0,76.0,1,115,20,1,0
19.0,181.0,78.0,1,115,3,0,1
19.0,181.0,78.0,1,115,3,0,1
17.0,190.0,73.0,0,115,38,0,0
30.0,170.0,60.0,0,115,3,0,0
27.0,181.0,78.0,1,115,3,0,0
23.0,187.0,75.0,1,79,19,0,0
34.0,165.0,75.0,0,134,27,1,0
38.0,165.0,75.0,0,134,27,1,0
40.0,165.0,75.0,0,134,27,1,0
44.0,165.0,75.0,0,134,27,1,0
48.0,165.0,75.0,0,134,27,1,0
22.0,182.0,84.0,1,133,5,0,1
24.0,173.0,66.0,1,60,3,0,0
21.0,159.0,40.0,0,126,3,0,0
21.0,159.0,40.0,0,126,3,0,0
25.0,159.0,40.0,0,126,3,0,1
25.0,159.0,40.0,0,126,3,0,0
30.0,160.0,53.0,0,113,34,0,0
30.0,160.0,53.0,0,113,34,0,0
20.0,180.0,74.0,1,113,38,0,0
24.0,166.0,52.0,1,4,10,0,0
26.0,180.0,80.0,1,24,11,0,0
30.0,180.0,80.0,1,24,11,0,0
42.0,180.0,80.0,1,24,11,0,0
42.0,180.0,80.0,1,24,11,0,0
23.0,177.0,68.0,1,112,4,0,0
27.0,177.0,68.0,1,112,4,0,0
31.0,177.0,68.0,1,112,4,0,0
21.0,179.0,63.0,1,42,34,0,0
19.0,156.0,46.0,0,33,15,0,0
22.0,179.0,72.0,1,125,19,0,0
27.0,160.0,78.0,0,64,26,0,0
19.0,169.0,62.0,1,61,3,0,0
24.0,173.0,53.0,0,61,3,0,0
27.0,162.0,56.0,0,65,32,0,0
25.0,172.0,82.0,1,14,49,0,0
29.0,172.0,82.0,1,14,49,0,1
27.0,168.0,60.0,0,42,19,0,0
31.0,168.0,60.0,0,42,19,0,0
24.0,159.0,54.0,0,86,3,0,0
35.0,170.0,68.0,1,86,40,0,0
28.0,159.0,54.0,1,11,10,0,0
32.0,159.0,54.0,1,11,10,0,0
22.0,150.0,43.0,0,43,18,1,0
26.0,164.0,58.0,0,100,3,0,0
29.0,163.0,48.0,1,6,10,0,0
21.0,175.0,75.0,0,12,47,0,0
22.0,169.0,68.0,1,129,20,1,0
26.0,169.0,68.0,1,129,20,1,0
30.0,169.0,68.0,1,129,20,1,0
19.0,182.0,68.0,1,133,3,0,1
19.0,161.0,62.0,1,100,22,0,0
19.0,161.0,62.0,1,100,22,0,1
19.0,161.0,62.0,1,100,22,0,1
19.0,161.0,62.0,1,100,22,0,0
19.0,161.0,62.0,1,100,22,0,0
19.0,161.0,62.0,1,100,22,0,0
24.0,161.0,62.0,1,100,22,0,1
24.0,161.0,62.0,1,100,22,0,0
24.0,161.0,62.0,1,100,22,0,1
24.0,161.0,62.0,1,100,22,0,1
24.0,174.0,62.0,0,81,31,0,0
23.0,182.0,78.0,0,15,46,0,0
20.0,176.0,70.0,1,47,19,0,0
17.0,170.0,53.0,0,86,3,0,0
22.0,190.0,78.0,1,111,38,0,0
22.0,190.0,78.0,1,111,38,0,1
22.0,190.0,78.0,1,111,38,0,1
22.0,190.0,78.0,1,111,38,0,0
26.0,175.0,61.0,1,109,3,0,0
26.0,175.0,61.0,1,109,3,0,0
19.0,169.0,60.0,0,68,0,1,0
17.0,166.0,60.0,0,68,0,1,0
17.0,166.0,60.0,0,68,0,1,0
17.0,166.0,60.0,0,68,0,1,0
25.0,168.0,59.0,1,73,3,0,0
30.0,197.0,92.0,1,5,38,0,0
30.0,197.0,92.0,1,5,38,0,1
27.0,210.0,88.0,1,35,46,0,0
28.0,170.0,64.0,1,69,14,0,0
28.0,170.0,64.0,1,69,14,0,0
28.0,170.0,64.0,1,69,14,0,0
28.0,170.0,64.0,1,69,14,0,0
32.0,170.0,64.0,1,69,14,0,0
32.0,170.0,64.0,1,69,14,0,0
24.0,175.0,74.0,1,69,49,0,0
25.0,186.0,86.0,1,35,46,0,0
33.0,186.0,86.0,1,35,46,0,0
41.0,186.0,86.0,1,35,46,0,0
27.0,188.0,85.0,1,35,23,0,0
29.0,205.0,102.0,1,35,6,0,0
20.0,168.0,54.0,1,35,49,0,0
30.0,181.0,76.0,1,35,46,0,0
30.0,182.0,79.0,1,119,3,0,0
22.0,187.0,82.0,1,35,46,0,0
30.0,187.0,82.0,1,35,46,0,0
21.0,170.0,48.0,1,57,10,0,0
20.0,171.0,65.0,1,79,19,0,0
21.0,190.0,65.0,1,98,3,0,0
25.0,190.0,65.0,1,98,3,0,0
22.0,170.0,51.0,1,57,10,0,0
23.0,175.0,75.0,1,70,3,0,0
22.0,178.0,67.0,1,1,10,0,0
31.0,180.0,64.0,1,1,3,0,0
28.0,183.0,85.0,1,35,23,0,0
21.0,188.0,87.0,1,35,17,0,1
21.0,188.0,87.0,1,35,17,0,0
25.0,188.0,87.0,1,35,17,0,0
25.0,188.0,87.0,1,35,17,0,0
26.0,178.0,81.0,1,35,26,0,0
33.0,182.0,77.0,1,35,19,0,0
22.0,193.0,78.0,1,86,3,0,0
24.0,174.0,68.0,0,133,23,0,0
25.0,186.0,84.0,1,46,3,0,0
21.0,192.0,88.0,1,53,11,0,1
21.0,192.0,88.0,1,53,11,0,1
25.0,192.0,88.0,1,53,11,0,1
17.0,175.0,64.0,1,48,38,0,0
17.0,175.0,64.0,1,48,38,0,0
21.0,175.0,64.0,1,48,38,0,0
21.0,175.0,64.0,1,48,38,0,0
21.0,175.0,64.0,1,48,38,0,1
19.0,170.0,62.0,0,18,31,0,0
33.0,178.0,61.0,1,116,3,0,0
19.0,167.0,53.0,0,54,3,0,0
19.0,167.0,53.0,0,54,3,0,0
23.0,167.0,53.0,0,54,3,0,0
23.0,167.0,53.0,0,54,3,0,0
27.0,167.0,53.0,0,54,3,0,0
31.0,167.0,53.0,0,54,3,0,0
21.0,180.0,70.0,0,95,31,0,0
25.0,191.0,84.0,1,115,49,0,0
29.0,191.0,84.0,1,115,49,0,1
33.0,191.0,84.0,1,115,49,0,0
29.0,178.0,68.0,1,110,24,0,0
22.0,179.0,72.0,1,23,3,0,0
22.0,179.0,72.0,1,23,3,0,0
23.0,173.0,65.0,1,91,3,0,0
23.0,173.0,65.0,1,91,3,0,0
20.0,183.0,75.0,1,48,3,0,0
20.0,183.0,75.0,1,48,3,0,0
20.0,183.0,75.0,1,48,3,0,0
20.0,183.0,75.0,1,48,3,0,0
24.0,183.0,75.0,1,48,3,0,1
24.0,183.0,75.0,1,48,3,0,0
24.0,183.0,75.0,1,48,3,0,1
19.0,183.0,87.0,1,88,25,1,0
23.0,183.0,87.0,1,88,25,1,0
26.0,162.0,67.0,1,133,48,0,0
24.0,190.0,88.0,1,133,23,0,0
28.0,190.0,88.0,1,133,23,0,0
24.0,187.0,77.0,1,115,25,1,0
22.0,172.0,61.0,1,115,3,0,1
28.0,180.0,72.0,1,115,17,0,0
28.0,180.0,72.0,1,115,17,0,0
28.0,180.0,72.0,1,115,17,0,0
33.0,180.0,72.0,1,115,17,0,0
33.0,180.0,72.0,1,115,17,0,0
24.0,185.0,81.0,1,115,25,1,0
21.0,193.0,87.0,1,133,23,0,0
17.0,176.0,82.0,1,45,0,1,0
17.0,176.0,82.0,1,45,0,1,0
21.0,176.0,82.0,1,45,0,1,0
21.0,176.0,82.0,1,45,0,1,0
25.0,176.0,82.0,1,45,0,1,0
25.0,176.0,82.0,1,45,0,1,0
28.0,182.0,95.0,0,9,3,0,0
17.0,180.0,82.0,1,129,20,1,0
21.0,180.0,82.0,1,129,20,1,0
25.0,180.0,82.0,1,129,20,1,0
22.0,181.0,80.0,1,9,8,1,0
22.0,181.0,80.0,1,9,8,1,0
22.0,181.0,80.0,1,9,8,1,0
22.0,181.0,80.0,1,9,8,1,0
26.0,181.0,80.0,1,9,8,1,0
26.0,181.0,80.0,1,9,8,1,0
26.0,181.0,80.0,1,9,8,1,0
26.0,181.0,80.0,1,9,8,1,0
26.0,181.0,80.0,1,9,8,1,0
16.0,167.0,43.0,0,45,30,0,0
31.0,175.0,70.0,1,108,11,0,0
23.0,181.0,84.0,1,45,0,1,0
27.0,181.0,84.0,1,45,0,1,0
24.0,180.0,100.0,1,111,10,0,0
24.0,176.0,70.0,1,100,1,0,0
24.0,176.0,70.0,1,100,1,0,0
30.0,164.0,59.0,1,111,3,0,0
25.0,198.0,89.0,1,100,46,0,1
34.0,180.0,94.0,1,100,25,1,0
23.0,173.0,61.0,1,111,3,0,0
21.0,172.0,63.0,0,111,38,0,0
21.0,172.0,63.0,0,111,38,0,0
24.0,171.0,60.0,0,111,46,0,1
23.0,167.0,65.0,0,100,37,1,0
23.0,167.0,65.0,0,100,37,1,0
23.0,167.0,65.0,0,100,37,1,1
27.0,167.0,65.0,0,100,37,1,0
29.0,180.0,72.0,1,25,12,1,0
29.0,180.0,72.0,1,25,12,1,0
27.0,182.0,96.0,1,102,9,1,0
27.0,182.0,96.0,1,101,9,1,0
19.0,163.0,53.0,0,51,3,0,0
32.0,180.0,70.0,1,51,14,0,0
31.0,186.0,115.0,1,45,3,0,0
20.0,176.0,68.0,1,96,3,0,0
20.0,176.0,68.0,1,96,3,0,0
24.0,176.0,68.0,1,96,3,0,0
28.0,176.0,68.0,1,96,3,0,0
21.0,183.0,72.0,1,96,3,0,0
25.0,183.0,72.0,1,96,3,0,0
26.0,174.0,68.0,1,96,3,0,0
19.0,187.0,81.0,1,42,38,0,0
22.0,172.0,70.0,1,116,19,0,0
26.0,184.0,73.0,1,46,29,1,0
26.0,184.0,73.0,1,46,29,1,0
21.0,183.0,84.0,1,95,37,1,0
21.0,183.0,84.0,1,95,37,1,0
27.0,183.0,84.0,1,95,37,1,0
27.0,183.0,84.0,1,95,37,1,0
31.0,183.0,84.0,1,95,37,1,0
31.0,183.0,84.0,1,95,37,1,0
22.0,183.0,73.0,1,96,43,0,0
20.0,160.0,54.0,1,26,49,0,0
26.0,185.0,75.0,1,12,10,0,0
20.0,159.0,64.0,1,96,22,0,0
20.0,159.0,64.0,1,96,22,0,0
20.0,159.0,64.0,1,96,22,0,0
20.0,159.0,64.0,1,96,22,0,0
20.0,159.0,64.0,1,96,22,0,0
20.0,159.0,64.0,1,96,22,0,0
20.0,159.0,64.0,1,96,22,0,0
40.0,188.0,73.0,1,2,7,0,0
18.0,176.0,78.0,1,12,47,0,0
23.0,200.0,88.0,1,26,6,0,0
24.0,177.0,71.0,1,137,14,0,0
15.0,177.0,64.0,1,96,38,0,0
15.0,177.0,64.0,1,96,38,0,0
19.0,177.0,64.0,1,96,38,0,0
19.0,177.0,64.0,1,96,38,0,0
19.0,177.0,64.0,1,96,38,0,0
24.0,174.0,68.0,1,42,49,0,0
34.0,164.0,52.0,0,20,3,0,0
38.0,164.0,52.0,0,20,3,0,0
22.0,162.0,50.0,0,20,14,0,0
23.0,198.0,93.0,1,112,6,0,1
21.0,180.0,70.0,1,31,38,0,0
26.0,164.0,51.0,0,100,44,0,0
20.0,188.0,77.0,0,100,6,0,0
28.0,188.0,77.0,0,100,6,0,1
22.0,168.0,68.0,1,111,49,0,1
23.0,180.0,68.0,1,42,14,0,1
27.0,180.0,68.0,1,42,14,0,1
31.0,180.0,68.0,1,42,14,0,0
35.0,180.0,68.0,1,42,14,0,0
21.0,168.0,62.0,1,39,3,0,0
24.0,180.0,59.0,1,133,3,0,0
31.0,178.0,85.0,1,46,25,1,0
26.0,178.0,61.0,0,139,3,0,0
26.0,178.0,61.0,0,139,3,0,0
25.0,179.0,68.0,1,100,18,1,0
25.0,160.0,57.0,0,56,1,0,0
27.0,173.0,74.0,1,8,3,0,0
27.0,180.0,79.0,1,57,19,0,0
28.0,168.0,67.0,1,63,3,0,0
32.0,168.0,67.0,1,63,3,0,0
33.0,180.0,76.0,1,90,3,0,0
28.0,172.0,72.0,1,90,26,0,0
16.0,178.0,69.0,1,63,38,0,0
19.0,178.0,69.0,1,63,38,0,0
23.0,165.0,54.0,1,64,10,0,0
18.0,172.0,63.0,1,114,3,0,0
22.0,172.0,63.0,1,114,3,0,0
19.0,157.0,52.0,0,90,3,0,0
22.0,182.0,75.0,1,19,10,0,0
24.0,170.0,59.0,1,65,48,0,0
17.0,150.0,64.0,0,86,3,0,0
17.0,150.0,64.0,0,86,3,0,0
20.0,190.0,80.0,1,93,3,0,0
21.0,182.0,77.0,1,93,3,0,0
25.0,182.0,77.0,1,93,3,0,0
20.0,178.0,68.0,1,63,41,0,1
18.0,170.0,58.0,0,109,3,0,0
22.0,148.0,46.0,0,61,22,0,0
22.0,148.0,46.0,0,61,22,0,0
22.0,148.0,46.0,0,61,22,0,0
22.0,148.0,46.0,0,61,22,0,0
22.0,148.0,46.0,0,61,22,0,0
22.0,148.0,46.0,0,61,22,0,0
26.0,148.0,46.0,0,61,22,0,0
26.0,148.0,46.0,0,61,22,0,1
26.0,148.0,46.0,0,61,22,0,0
26.0,148.0,46.0,0,61,22,0,0
26.0,148.0,46.0,0,61,22,0,0
26.0,148.0,46.0,0,61,22,0,0
23.0,170.0,67.0,1,90,3,0,0
28.0,183.0,68.0,1,63,41,0,0
22.0,180.0,70.0,0,105,3,0,0
23.0,177.0,72.0,1,77,19,0,0
25.0,163.0,65.0,1,66,15,0,0
25.0,163.0,65.0,1,66,15,0,0
27.0,163.0,51.0,1,61,3,0,0
28.0,161.0,60.0,1,77,26,0,0
21.0,189.0,81.0,1,111,17,0,0
21.0,189.0,81.0,1,111,17,0,0
25.0,189.0,81.0,1,111,17,0,0
25.0,189.0,81.0,1,111,17,0,1
20.0,170.0,62.0,1,111,49,0,1
25.0,168.0,56.0,1,64,10,0,0
29.0,168.0,56.0,1,64,10,0,0
14.0,181.0,77.0,1,98,38,0,0
19.0,185.0,80.0,1,63,17,0,0
27.0,175.0,56.0,0,100,44,0,0
31.0,175.0,56.0,0,100,44,0,0
21.0,175.0,67.0,1,42,11,0,0
25.0,175.0,67.0,1,42,11,0,0
16.0,150.0,40.0,0,99,22,0,0
16.0,150.0,40.0,0,99,22,0,1
16.0,150.0,40.0,0,99,22,0,0
16.0,150.0,40.0,0,99,22,0,0
22.0,194.0,125.0,1,42,3,0,0
26.0,194.0,125.0,1,42,3,0,0
24.0,194.0,104.0,1,42,23,0,1
24.0,170.0,62.0,0,116,0,1,0
28.0,170.0,62.0,0,116,0,1,0
20.0,176.0,82.0,1,116,0,1,0
20.0,176.0,82.0,1,116,0,1,1
24.0,176.0,82.0,1,116,0,1,0
24.0,176.0,82.0,1,116,0,1,0
24.0,176.0,82.0,1,116,0,1,0
24.0,176.0,82.0,1,116,0,1,0
24.0,176.0,82.0,1,116,0,1,0
26.0,176.0,82.0,1,116,0,1,0
26.0,176.0,82.0,1,116,0,1,0
26.0,176.0,82.0,1,116,0,1,0
26.0,176.0,82.0,1,116,0,1,0
30.0,176.0,82.0,1,116,0,1,0
30.0,176.0,82.0,1,116,0,1,0
30.0,176.0,82.0,1,116,0,1,0
30.0,176.0,82.0,1,116,0,1,0
34.0,176.0,82.0,1,116,0,1,0
34.0,176.0,82.0,1,116,0,1,0
31.0,190.0,95.0,1,26,31,0,0
23.0,167.0,58.0,1,18,3,0,0
23.0,190.0,74.0,1,60,3,0,0
22.0,160.0,55.0,0,135,3,0,0
22.0,160.0,55.0,0,135,3,0,0
21.0,176.0,67.0,1,97,10,0,1
22.0,171.0,70.0,1,20,14,0,0
22.0,171.0,70.0,1,20,14,0,0
22.0,175.0,65.0,1,93,3,0,0
26.0,175.0,65.0,1,93,3,0,0
18.0,182.0,68.0,1,16,38,0,0
18.0,182.0,68.0,1,16,38,0,0
22.0,179.0,65.0,1,137,3,0,0
21.0,166.0,70.0,0,20,32,0,0
23.0,170.0,61.0,0,20,32,0,0
19.0,158.0,52.0,1,77,49,0,1
22.0,165.0,64.0,1,77,49,0,0
21.0,178.0,73.0,1,48,17,0,0
25.0,178.0,73.0,1,48,17,0,0
25.0,165.0,68.0,1,56,14,0,0
23.0,175.0,64.0,1,10,41,0,0
25.0,169.0,60.0,0,77,39,0,0
28.0,178.0,78.0,1,94,6,0,0
20.0,164.0,50.0,0,112,30,0,0
22.0,186.0,85.0,1,54,40,0,0
26.0,186.0,85.0,1,54,40,0,0
34.0,186.0,85.0,1,54,40,0,0
29.0,208.0,110.0,1,48,6,0,0
28.0,180.0,68.0,1,46,41,0,0
25.0,161.0,62.0,1,47,19,0,0
23.0,163.0,54.0,0,47,3,0,0
18.0,181.0,73.0,1,47,19,0,1
24.0,176.0,75.0,1,116,14,0,1
16.0,168.0,60.0,1,69,0,1,0
16.0,168.0,60.0,1,69,0,1,0
25.0,167.0,52.0,1,128,3,0,0
29.0,165.0,54.0,1,79,10,0,1
23.0,174.0,57.0,1,79,10,0,0
27.0,174.0,57.0,1,79,10,0,1
31.0,174.0,57.0,1,79,10,0,0
25.0,188.0,75.0,1,48,3,0,0
33.0,188.0,75.0,1,48,3,0,0
41.0,182.0,98.0,1,81,34,0,0
41.0,182.0,98.0,1,81,34,0,0
23.0,183.0,87.0,1,99,0,1,0
23.0,183.0,87.0,1,99,0,1,0
25.0,168.0,63.0,0,111,12,1,0
30.0,168.0,63.0,0,111,12,1,0
30.0,168.0,63.0,0,111,12,1,1
24.0,167.0,52.0,0,128,3,0,0
19.0,168.0,55.0,1,128,3,0,0
23.0,168.0,55.0,1,128,3,0,0
19.0,190.0,86.0,0,16,6,0,0
23.0,190.0,86.0,0,16,6,0,0
28.0,191.0,110.0,1,35,3,0,0
32.0,191.0,110.0,1,35,3,0,0
17.0,176.0,45.0,0,1,46,0,0
20.0,177.0,82.0,1,125,23,0,0
23.0,184.0,84.0,1,125,49,0,0
27.0,184.0,84.0,1,125,49,0,0
28.0,171.0,62.0,1,10,17,0,0
28.0,171.0,62.0,1,10,17,0,0
32.0,171.0,62.0,1,10,17,0,0
32.0,171.0,62.0,1,10,17,0,0
27.0,172.0,72.0,0,81,31,0,1
31.0,172.0,72.0,0,81,31,0,1
20.0,159.0,55.0,0,15,3,0,0
20.0,159.0,55.0,0,15,3,0,0
25.0,166.0,61.0,1,24,10,0,0
18.0,167.0,55.0,0,128,3,0,0
18.0,167.0,55.0,0,128,3,0,0
24.0,179.0,78.0,1,12,42,0,0
27.0,179.0,68.0,1,83,24,0,1
26.0,173.0,74.0,1,48,49,0,0
24.0,191.0,75.0,1,46,3,0,0
20.0,184.0,69.0,1,46,29,1,0
20.0,184.0,69.0,1,46,29,1,0
24.0,184.0,69.0,1,46,29,1,1
24.0,184.0,69.0,1,46,29,1,0
24.0,184.0,69.0,1,46,29,1,1
28.0,184.0,69.0,1,46,29,1,1
28.0,184.0,69.0,1,46,29,1,0
28.0,184.0,69.0,1,46,29,1,0
26.0,180.0,70.0,0,81,3,0,0
22.0,190.0,99.0,1,118,9,1,0
26.0,190.0,99.0,1,117,9,1,1
26.0,190.0,99.0,1,117,9,1,1
28.0,190.0,99.0,1,117,9,1,1
28.0,190.0,99.0,1,117,9,1,1
24.0,200.0,104.0,1,118,9,1,1
28.0,200.0,104.0,1,117,9,1,0
32.0,200.0,104.0,1,118,9,1,0
24.0,180.0,83.0,1,108,3,0,0
18.0,169.0,52.0,0,26,3,0,0
18.0,169.0,52.0,0,26,3,0,0
22.0,175.0,74.0,1,52,19,0,0
26.0,180.0,81.0,1,3,14,0,0
30.0,180.0,81.0,1,3,14,0,0
26.0,173.0,73.0,1,3,16,0,0
26.0,173.0,73.0,1,3,16,0,0
30.0,173.0,73.0,1,3,16,0,0
30.0,173.0,73.0,1,3,16,0,0
29.0,160.0,62.0,1,18,48,0,0
20.0,168.0,72.0,1,3,19,0,1
22.0,185.0,61.0,1,34,3,0,0
20.0,180.0,73.0,1,77,38,0,0
20.0,180.0,73.0,1,77,38,0,0
27.0,164.0,63.0,0,77,48,0,0
31.0,164.0,63.0,0,77,48,0,0
24.0,172.0,69.0,0,137,49,0,0
23.0,188.0,91.0,1,26,10,0,1
20.0,188.0,78.0,1,137,19,0,0
16.0,190.0,62.0,0,137,46,0,0
25.0,182.0,70.0,0,3,46,0,0
20.0,184.0,70.0,1,60,19,0,0
29.0,188.0,82.0,1,47,19,0,0
22.0,177.0,82.0,1,47,19,0,0
26.0,177.0,82.0,1,47,19,0,0
21.0,178.0,72.0,1,47,19,0,0
20.0,168.0,63.0,0,16,0,1,0
20.0,168.0,63.0,0,16,0,1,0
20.0,168.0,63.0,0,16,0,1,0
24.0,168.0,63.0,0,16,0,1,0
21.0,188.0,66.0,0,133,3,0,0
25.0,188.0,66.0,0,133,3,0,0
29.0,188.0,66.0,0,133,3,0,0
33.0,188.0,66.0,0,133,3,0,0
37.0,188.0,66.0,0,133,3,0,0
18.0,192.0,89.0,1,137,38,0,0
22.0,192.0,89.0,1,137,38,0,0
24.0,173.0,50.0,1,135,10,0,0
25.0,208.0,109.0,1,3,6,0,0
23.0,177.0,75.0,1,127,10,0,0
23.0,162.0,60.0,1,95,10,0,1
19.0,156.0,56.0,1,61,35,1,0
23.0,156.0,56.0,1,61,35,1,0
22.0,179.0,60.0,1,61,3,0,0
29.0,162.0,51.0,0,61,44,0,0
25.0,165.0,58.0,0,61,11,0,0
21.0,172.0,67.0,1,61,47,0,0
26.0,168.0,67.0,1,61,49,0,0
28.0,156.0,51.0,0,61,25,1,0
21.0,187.0,81.0,1,83,14,0,0
21.0,187.0,81.0,1,83,14,0,0
23.0,186.0,100.0,1,126,33,0,0
27.0,186.0,100.0,1,126,33,0,0
25.0,189.0,105.0,1,12,23,0,0
20.0,162.0,60.0,1,114,38,0,0
20.0,202.0,105.0,1,99,31,0,0
22.0,190.0,80.0,1,76,38,0,0
23.0,180.0,71.0,1,77,3,0,0
27.0,178.0,79.0,1,15,3,0,0
25.0,187.0,83.0,1,28,28,0,0
25.0,187.0,83.0,1,28,28,0,1
29.0,187.0,83.0,1,28,17,0,0
27.0,172.0,70.0,1,106,3,0,0
23.0,162.0,54.0,0,46,43,0,0
24.0,182.0,82.0,1,48,3,0,0
24.0,182.0,82.0,1,48,3,0,0
24.0,182.0,82.0,1,48,3,0,0
33.0,182.0,82.0,1,49,9,1,0
20.0,183.0,85.0,0,33,3,0,0
24.0,183.0,85.0,0,33,3,0,0
24.0,175.0,95.0,1,16,13,1,1
19.0,173.0,71.0,1,35,28,0,0
19.0,173.0,71.0,1,35,28,0,0
23.0,173.0,71.0,1,35,28,0,0
23.0,173.0,71.0,1,35,28,0,0
30.0,175.0,80.0,1,65,34,0,0
35.0,175.0,80.0,1,65,34,0,0
35.0,175.0,80.0,1,65,34,0,0
38.0,175.0,80.0,1,65,34,0,0
38.0,175.0,80.0,1,65,34,0,0
18.0,169.0,61.0,1,46,15,0,0
30.0,154.0,64.0,1,114,3,0,0
32.0,175.0,82.0,1,75,49,0,0
32.0,175.0,82.0,1,75,49,0,0
31.0,175.0,73.0,1,95,3,0,0
30.0,187.0,77.0,1,139,33,0,0
22.0,179.0,78.0,1,95,19,0,1
21.0,173.0,80.0,1,95,26,0,0
25.0,173.0,80.0,1,95,26,0,0
26.0,190.0,83.0,1,95,3,0,0
26.0,190.0,83.0,1,95,3,0,0
29.0,184.0,77.0,1,28,34,0,0
33.0,184.0,77.0,1,28,34,0,0
20.0,187.0,87.0,1,28,38,0,0
20.0,187.0,87.0,1,28,38,0,0
20.0,187.0,87.0,1,28,38,0,0
18.0,160.0,52.0,0,77,15,0,0
18.0,160.0,52.0,0,77,15,0,0
22.0,173.0,62.0,0,28,8,1,0
22.0,173.0,62.0,0,28,8,1,0
22.0,173.0,62.0,0,28,8,1,0
24.0,173.0,62.0,0,27,8,1,0
24.0,173.0,62.0,0,27,8,1,0
24.0,173.0,62.0,0,27,8,1,0
28.0,173.0,62.0,0,27,8,1,0
28.0,173.0,62.0,0,27,8,1,0
28.0,173.0,62.0,0,27,8,1,0
21.0,176.0,74.0,1,95,25,1,0
25.0,176.0,74.0,1,95,25,1,0
29.0,176.0,74.0,1,95,25,1,0
26.0,171.0,69.5,1,95,26,0,0
30.0,171.0,69.5,1,95,26,0,0
32.0,172.0,68.0,0,46,23,0,0
23.0,175.0,71.0,1,53,3,0,0
23.0,175.0,71.0,1,53,3,0,0
23.0,190.0,80.0,1,56,17,0,0
14.0,172.0,72.0,0,85,38,0,0
25.0,173.0,64.0,1,14,22,0,0
25.0,173.0,64.0,1,14,22,0,0
25.0,173.0,64.0,1,14,22,0,0
25.0,173.0,64.0,1,14,22,0,0
25.0,173.0,64.0,1,14,22,0,0
25.0,173.0,64.0,1,14,22,0,0
25.0,173.0,64.0,1,14,22,0,0
25.0,173.0,64.0,1,14,22,0,0
29.0,173.0,64.0,1,14,22,0,0
29.0,173.0,64.0,1,14,22,0,0
29.0,173.0,64.0,1,14,22,0,0
29.0,173.0,64.0,1,14,22,0,0
29.0,173.0,64.0,1,14,22,0,0
29.0,173.0,64.0,1,14,22,0,0
29.0,173.0,64.0,1,14,22,0,0
29.0,173.0,64.0,1,14,22,0,0
29.0,163.0,54.0,0,133,17,0,0
26.0,177.0,70.0,1,95,25,1,0
16.0,165.0,54.0,0,48,38,0,0
16.0,165.0,54.0,0,48,38,0,0
23.0,180.0,79.0,1,103,3,0,0
23.0,180.0,79.0,1,103,3,0,0
23.0,180.0,79.0,1,103,3,0,0
27.0,180.0,79.0,1,103,3,0,0
27.0,180.0,79.0,1,103,3,0,0
27.0,180.0,79.0,1,103,3,0,0
22.0,188.0,78.0,1,133,3,0,1
22.0,188.0,78.0,1,133,3,0,1
27.0,183.0,67.0,1,48,3,0,0
20.0,173.0,65.0,0,133,38,0,0
24.0,173.0,65.0,0,133,38,0,0
30.0,188.0,79.0,1,110,42,0,0
22.0,169.0,68.0,1,124,3,0,0
26.0,169.0,68.0,1,124,3,0,0
38.0,177.0,70.0,1,5,17,0,0
38.0,177.0,70.0,1,5,17,0,0
24.0,178.0,95.0,1,32,26,0,0
22.0,167.0,75.0,1,16,48,0,0
29.0,178.0,64.0,1,5,3,0,0
27.0,189.0,70.0,1,5,3,0,0
31.0,189.0,70.0,1,5,3,0,0
31.0,189.0,70.0,1,5,3,0,0
35.0,189.0,70.0,1,5,3,0,0
23.0,194.0,87.0,1,100,3,0,0
26.0,174.0,73.0,0,46,31,0,0
38.0,169.0,68.0,0,5,1,0,0
21.0,178.0,78.0,1,48,26,0,1
25.0,178.0,78.0,1,48,26,0,1
29.0,178.0,78.0,1,48,26,0,0
29.0,164.0,51.0,0,48,10,0,1
33.0,164.0,51.0,0,48,10,0,1
25.0,171.0,59.0,0,26,3,0,0
24.0,185.0,98.0,1,5,34,0,0
39.0,163.0,93.0,1,5,34,0,0
26.690693760097336,180.74817499423008,83.7481749942301,1,8,13,0,1
23.323679236404242,168.29471694561698,63.381603817978785,0,103,39,0,1
26.596508491068665,176.80698301786268,83.57456356138358,1,117,48,0,1
25.538051893422274,183.01522075736892,85.49238962131554,1,40,24,0,1
25.27277080275476,187.06072214067936,72.0,1,82,29,0,1
28.0,175.0,64.0,1,40,22,0,1
22.168139872675102,182.93806055174122,90.11503966046693,1,27,15,0,1
23.731783319441533,183.55684723379872,82.28863055324025,1,13,16,0,1
20.581238221422613,176.25628533573217,65.67504711430955,1,54,39,0,1
27.073823708354787,177.00671529856464,71.23490172219361,1,133,15,0,1
25.15087918516146,172.4811401018548,70.93377765733919,0,14,43,0,1
25.66294716275793,177.33705283724208,65.86964226979366,1,40,18,0,1
29.896352926355146,193.7927058527103,87.62188244186912,1,112,16,0,1
24.019625669163524,186.9705614962547,79.34641711277568,1,111,36,0,1
21.731170646122052,178.59675596918308,80.67207338469487,0,98,2,0,1
25.619750177163393,165.63374970472768,55.063374970472765,0,133,48,0,1
22.989960232389944,179.85944325345923,67.89960232389946,1,41,13,0,1
20.611769224873616,161.0,62.0,1,100,22,0,1
23.190125554145364,184.2815066497444,89.42225997461657,1,42,23,0,1
25.527843928582584,182.49071869047248,76.01856261905506,1,49,6,0,1
21.0,192.0,88.0,1,53,11,0,1
28.040911439558748,187.0,97.0,1,60,31,0,1
24.80872251878431,195.95638740607845,112.49158644723528,1,122,6,0,1
23.414728565650474,187.52842381144984,96.47157618855016,1,60,31,0,1
25.05920457073634,177.94079542926366,66.35263634341092,1,41,17,0,1
20.744341332714978,179.25565866728502,76.95339520037102,1,115,6,0,1
28.0,175.0,64.0,1,40,22,0,1
22.677522368849083,171.49185822336318,61.33876118442454,1,118,4,0,1
24.13989235733395,184.0,69.0,1,46,29,1,1
25.378513882572275,149.49156668182653,46.49718889394218,0,58,19,0,1
24.153060198370845,176.0,85.0,1,88,0,1,1
20.815021370463114,178.1849786295369,77.69170228410519,1,47,25,0,1
25.9061653308283,189.9061653308283,82.08739839699396,1,111,17,0,1
30.199488802100333,182.3324813368339,90.46547387156744,1,60,31,0,1
25.776638052129822,179.55327610425965,75.67008584361054,1,47,26,0,1
27.148946226359826,190.0,99.0,1,117,9,1,1
25.525486330274816,187.7346302140662,72.0,1,82,29,0,1
21.27954475325258,174.04318672723196,66.02159336361598,1,96,10,0,1
21.228396128840657,172.9526731185989,55.79526731185989,0,133,42,0,1
21.209763920286466,168.9918633997613,60.58860875966579,1,115,49,0,1
31.036128685611544,163.3453762285372,50.8363440571343,0,46,8,0,1
28.0,175.0,64.0,1,40,22,0,1
25.74170111907447,187.18542527976862,96.81457472023138,1,60,31,0,1
29.3348027793038,183.9691416346202,84.0,1,117,49,0,1
25.707588822922073,186.2462803275397,83.29241117707792,1,53,14,0,1
22.282339031752993,162.3588304841235,60.0,0,96,11,0,1
19.0,181.0,78.0,1,115,3,0,1
29.569780429690542,175.0,64.0,1,40,22,0,1
23.0,181.8165994394716,65.46720448422738,0,88,19,0,1
19.0,161.0,62.0,1,100,22,0,1
28.0,180.60750013517583,67.11527785287547,1,43,26,0,1
23.164118071026458,178.76124150031276,68.92535957133921,1,133,9,0,1
23.411022993313136,165.6027557483283,50.808267244984854,0,6,43,0,1
22.0,187.009562479295,81.73804690088126,1,111,44,0,1
26.021763120739834,169.00544078018495,76.04352624147967,1,116,49,0,1
24.30336191455955,196.14229843882546,86.44566035338501,1,102,44,0,1
29.794894879294823,170.59404402584397,69.99149146549136,0,80,32,0,1
23.838912213732115,176.0,85.0,1,88,0,1,1
21.543552861113987,184.543552861114,84.28223569443006,1,10,21,0,1
21.906472110964547,188.93527889035454,95.43883266578729,1,60,31,0,1
25.50304801634403,184.0,69.0,1,46,29,1,1
22.052082366375277,190.71412155220798,86.94791763362473,1,53,11,0,1
30.819496370840426,182.12033575277306,85.93983212361347,1,41,23,0,1
22.883124159214255,186.35062752235723,79.83979531007157,1,49,5,0,1
26.0,190.0,99.0,1,117,9,1,1
23.55708829065355,182.0,86.0,1,42,23,0,1
24.205974810729703,178.67767253948614,76.23584886437823,1,114,14,0,1
22.86021826778554,180.58065480335662,67.10036377964256,1,46,32,0,1
24.0,184.0,69.0,1,46,29,1,1
28.257248081356703,188.0,96.0,1,60,31,0,1
29.845611155101878,187.0,97.0,1,60,31,0,1
23.758374398663754,200.17990144320697,103.24162560133624,1,130,6,0,1
27.506223457635613,174.98755308472877,83.68827793220446,1,118,48,0,1
23.993956559257864,180.0,68.0,1,42,14,0,1
27.743946292572677,176.2802685371366,65.0242148297093,1,40,19,0,1
25.765272956849543,169.43592165156514,63.1676621736789,1,135,9,0,1
20.139779369742634,160.0,49.139779369742634,0,36,11,0,1
21.287376057222072,182.0,80.19933897185105,1,133,4,0,1
20.2464687264765,176.0,85.0,1,88,0,1,1
25.052490492295444,191.0,86.63167300513636,0,126,40,0,1
29.178742695327987,186.92754382803207,94.92754382803207,1,60,31,0,1
29.778736526089585,195.11926047176146,91.00431436740314,1,5,35,0,1
26.539356875203556,183.8425724991858,88.76385874877867,1,42,23,0,1
22.0,176.0,85.0,1,88,0,1,1
26.424414384956695,179.8081381283189,78.60271270943963,1,51,20,0,1
27.202704634220446,178.98647682889776,67.18918146311822,1,41,15,0,1
28.80066058120981,176.0,85.0,1,88,0,1,1
28.541497209534718,167.06326255709376,54.687754185697926,1,79,10,0,1
22.61126284196533,161.0,62.0,1,100,22,0,1
26.320219219276446,182.39981731726962,82.27996346345392,1,112,36,0,1
25.94737603826173,165.28229526577059,55.48803343019708,0,42,5,0,1
30.857639111269698,159.1031751114736,49.4697422223355,0,51,13,0,1
25.65820445321923,176.0,85.0,1,88,0,1,1
27.24460282327914,183.01439247125563,81.74820094109305,1,111,28,0,1
20.69139198700784,177.03708798051176,81.30860801299217,0,110,1,0,1
20.181597716801427,170.9055634688228,74.72396575202139,1,3,19,0,1
24.633802245334515,192.0,88.0,1,53,11,0,1
27.50035076859672,181.83321641046777,77.33356717906449,1,50,11,0,1
20.19829716647272,160.0,49.19829716647272,0,36,10,0,1
29.537994196355868,185.44985490889667,87.37994196355868,1,9,43,0,1
23.57826671689452,160.42011673572998,60.84023347145994,0,99,22,0,1
21.0,171.77318877507136,57.4664859688392,0,14,38,0,1
22.0,176.0,85.0,1,88,0,1,1
29.976445284462137,175.0,64.0,1,40,22,0,1
23.55418305826141,166.83436270630395,62.94890506065042,1,119,49,0,1
33.01811018382084,187.01811018382085,96.98188981617916,1,60,31,0,1
21.744247817888304,176.0,85.0,1,88,0,1,1
20.135763435032775,176.0,85.0,1,88,0,1,1
21.565133183589207,177.69539955076763,74.34673138665971,0,98,6,0,1
24.123444232861754,190.3033491761231,79.82009505673865,1,112,41,0,1
24.155001237645408,199.22499381177295,103.61249690588647,1,117,9,1,1
22.0,176.8782840970598,83.53619317156699,0,91,0,0,1
26.389843828342954,179.45761712874278,67.38984382834296,0,83,23,0,1
22.847423279666373,180.76288360166814,87.50825131783142,1,15,16,0,1
27.606715046382856,176.96642476808572,65.57313981446858,1,40,18,0,1
26.031085300883298,164.84826134260476,53.9689146991167,0,44,7,0,1
22.84489035062694,186.9457769424989,86.47288847124945,1,36,19,0,1
22.065632985230984,190.065632985231,78.65632985230985,0,112,37,0,1
21.925568512906775,178.77670553872034,79.03239066778809,0,99,3,0,1
27.25419685702066,187.04076691455455,83.94244565736281,1,53,13,0,1
22.019142412566797,190.7543814957517,86.9808575874332,1,53,11,0,1
27.893888392736343,180.06063520415066,83.06063520415066,1,8,11,0,1
27.161101913554067,179.19449043222966,67.35559234578373,1,41,15,0,1
23.6260119563902,183.2520239127804,70.1219641308294,1,46,28,0,1
23.31663246953051,180.0,68.0,1,42,14,0,1
23.390310913813614,196.95917089649703,93.78062182762723,1,112,6,0,1
25.07535222850429,179.96232388574785,69.92464777149571,1,85,24,0,1
23.861071949785497,180.45234738553043,74.32147892170437,1,47,27,0,1
24.39401622322078,182.59102433483116,78.80299188838961,0,100,4,0,1
20.32856983293219,169.72619180588984,61.61666852824578,1,112,49,0,1
26.653619308478692,190.66480275835409,81.9888165501246,1,113,45,0,1
21.0,166.5771724112159,50.97146551401988,0,7,40,0,1
33.9953679769954,187.9953679769954,96.0046320230046,1,60,31,0,1
29.66600331323542,172.0,72.0,0,81,31,0,1
20.0,176.0,85.0,1,88,0,1,1
27.925208794124153,172.5235384411309,61.523538441130924,1,81,17,0,1
18.961732603046876,181.0,73.48086630152343,1,47,18,0,1
22.65365400563404,180.30730801126808,74.07807596619577,1,91,22,0,1
28.265233990518862,192.26523399051885,84.91828078862264,1,111,17,0,1
26.524997503780504,190.0,99.0,1,117,9,1,1
25.808871763559228,184.0,69.0,1,46,29,1,1
25.550790354120036,192.24604822939983,100.12302411469992,1,117,9,1,1
31.190241935469228,164.0,51.0,0,48,10,0,1
31.4365719184808,175.0,64.0,1,40,22,0,1
22.881934932531117,179.0,76.23613013493777,1,92,19,0,1
24.0,184.0,69.0,1,46,29,1,1
22.770329045540933,179.06752185346818,68.8378508990091,1,133,9,0,1
21.6812327914552,172.9148459010681,60.958544275433695,0,15,38,0,1
24.637606100883367,180.1743633946998,74.7384549079503,1,47,27,0,1
19.580588350278042,169.61176700556086,61.2894136044487,1,68,44,0,1
22.16132143959765,161.0,62.0,1,100,22,0,1
26.039283369765002,148.22260576200168,46.10475565270667,0,61,21,0,1
21.0,167.6917010238663,52.36462627983289,0,9,39,0,1
30.534107900609254,182.89017983434877,91.24625176808826,1,60,31,0,1
27.68856253975564,175.0,69.45498444457237,0,133,18,0,1
21.59465091101245,187.8513372722469,86.40534908898755,1,33,18,0,1
26.68300701018381,192.02451051527572,87.85375876272977,1,9,30,0,1
28.0,175.7681470127078,64.42674834039322,1,59,29,1,1
22.993748503691894,181.98749700738378,85.97499401476757,1,42,23,0,1
20.493414969006274,184.98682993801253,72.97804989668758,1,133,3,0,1
27.381540069280174,169.97692508660023,71.07539546764119,1,10,49,0,1
23.664617613057864,161.0,62.0,1,100,22,0,1
25.999841881596712,180.0,68.0,1,42,14,0,1
24.0,183.0,75.0,1,48,3,0,1
32.101945710559285,173.87859718384786,62.674705762729275,0,40,20,0,1
20.43597748337405,181.205139640482,75.74346395469792,1,114,3,0,1
21.525501765309333,175.0,58.66962808929133,0,133,36,0,1
20.963450332151904,172.52485431797476,59.109649003544284,0,16,37,0,1
25.304468615769995,190.47206694511,80.83240167065999,1,112,43,0,1
23.870317733474767,184.17579433368692,84.69452339978785,1,35,25,0,1
26.459960475998468,149.05133823085364,46.32854319714176,0,60,21,0,1
27.204220933560084,168.34683429982994,55.89788953321996,0,8,46,0,1
25.18684466100789,182.0,86.0,1,42,23,0,1
19.47560973067242,178.6219513466379,79.90243892268968,1,115,1,0,1
24.322288240814686,194.47389802449416,95.64457648162937,1,114,7,0,1
25.19465857387272,181.59542163474805,72.60686754787794,1,46,27,0,1
24.678920993924653,195.28431602430138,101.2017983434589,1,124,7,0,1
20.08668172151499,156.44759754069287,51.06855852441573,0,74,44,0,1
21.0,192.0,88.0,1,53,11,0,1
24.44714248405407,192.0,88.0,1,53,11,0,1
23.21553815146547,182.0,86.0,1,42,23,0,1
23.253381367440493,178.73309316279753,90.14697888836321,1,15,15,0,1
21.18776598056934,186.10478728799512,78.0,1,128,3,0,1
21.643999543239016,191.56000456760984,93.8639972594341,1,60,31,0,1
25.365063315607614,182.0,86.0,1,42,23,0,1
28.076159066981035,183.9492272886793,85.02538635566034,1,40,24,0,1
27.750779221070477,163.37538961053525,50.84384740263381,0,46,8,0,1
26.579861144236986,183.84027771152603,83.70416662691562,0,117,33,0,1
26.0,190.0,99.0,1,117,9,1,1
20.216767940027868,175.0,56.37934389504877,0,133,40,0,1
21.8878886477318,187.77802783806706,86.1121113522682,1,33,19,0,1
22.6175235761165,177.07967316929265,65.15537398294036,1,47,35,0,1
26.343785487197458,180.6875709743949,83.37514194878983,1,43,23,0,1
22.05913161326309,186.23652645305236,83.11826322652618,1,111,46,0,1
21.79178283603085,176.0,85.0,1,88,0,1,1
24.0,183.0,75.0,1,48,3,0,1
24.928732027674,161.78544662054333,62.0,1,111,49,0,1
23.652746107851875,163.08352335288876,63.041761676444374,0,100,27,0,1
32.047268875813096,187.23818278104673,96.76181721895327,1,60,31,0,1
26.298324178278037,182.59664835655607,90.59664835655607,1,60,31,0,1
22.729516572998364,185.48634438199892,82.24317219099946,1,18,21,0,1
23.166800795566978,181.50040238670093,67.6113346592783,1,46,31,0,1
27.27848234053143,189.27848234053144,99.43291059568114,1,119,11,1,1
27.660439729133984,190.0,103.41428352125823,1,119,7,0,1
23.808449411144636,186.20563294076308,82.60281647038154,1,22,24,0,1
31.672340546282584,187.0,97.0,1,60,31,0,1
18.614952886247462,180.38504711375253,74.0249214770791,1,47,20,0,1
25.413704539477973,180.24111361843393,69.34518184208811,1,113,6,0,1
26.79267163704224,182.5183209073944,85.68900745556336,1,40,23,0,1
33.013001923510735,187.01300192351073,96.98699807648926,1,60,31,0,1
22.08550853085447,185.2565255925634,82.76957677769022,1,15,18,0,1
28.336909958831782,182.0,90.0,1,60,31,0,1
24.920403388378542,159.34491865035966,40.557176281350216,0,125,3,0,1
27.181435435089796,179.092822824551,67.27425825964082,1,41,15,0,1
21.91520780484846,161.0,62.0,1,100,22,0,1
23.949971854147485,178.79282095533247,66.1071227529625,1,47,34,0,1
19.0,161.0,62.0,1,100,22,0,1
20.452330685215323,178.54766931478468,77.0872178086922,1,47,24,0,1
20.316365296604246,162.31636529660426,60.683634703395754,0,100,16,0,1
20.481153133137415,162.4811531331374,60.51884686686258,0,100,16,0,1
19.037539265338136,154.17661648983994,48.35323297967987,0,99,22,0,1
24.40970505748519,181.54176965508884,72.68734551736674,1,46,27,0,1
24.0,184.0,69.0,1,46,29,1,1
20.8724467235474,182.0,77.98638252558615,1,133,4,0,1
30.63764660876496,164.0,51.0,0,48,10,0,1
27.65614154255594,157.38480207448367,50.416377446815844,0,70,15,0,1
34.94711429605278,186.51098776691748,85.43612652913532,1,42,23,0,1
22.233205442748496,182.41106848091616,74.41106848091617,1,47,7,0,1
19.948453306962158,160.0,61.27834629747019,0,16,15,0,1
27.054423176639045,178.8180289707988,85.83673047008287,1,10,11,0,1
27.87909459386838,167.84067905459872,55.56045270306581,0,7,47,0,1
24.263064048204175,176.7891921446125,73.9477438071833,1,115,12,0,1
19.0,161.0,62.0,1,100,22,0,1
19.316343319317724,181.73813441174136,78.0,1,116,3,0,1
27.59971051189463,190.0,99.0,1,117,9,1,1
29.2756405134077,183.14957299106155,85.42521350446923,1,40,24,0,1
20.044938616640234,160.1348158499207,61.91012276671953,0,16,14,0,1
25.46264528123011,170.8807415156946,66.22412831261936,1,130,11,0,1
24.166536858643468,163.66692628271306,64.7501947120348,1,111,49,0,1
21.266956439652294,176.0,85.0,1,88,0,1,1
26.905347774801573,181.0,77.45267388740079,1,51,17,0,1
28.557424296291295,175.0,64.0,1,40,22,0,1
27.679441894394394,167.9904185792042,55.66027905280281,0,7,47,0,1
22.0,176.04679345788935,84.92201090351776,0,88,0,0,1
22.577070546908057,179.26878835927582,91.20552145842149,1,10,18,0,1
24.969924284910178,166.71679285848305,55.171679285848306,0,133,47,0,1
20.727692673480632,175.81692197955812,65.08922930607747,1,52,38,0,1
37.81609323452533,189.8896559407152,85.0,1,41,23,0,1
20.171402386879002,176.0,85.0,1,88,0,1,1
30.293493502659153,181.52899566843945,85.05799133687887,1,42,23,0,1
20.27045057345724,184.54090114691448,72.23483524485746,1,133,3,0,1
24.548110441374412,197.25944779312795,102.62972389656397,1,117,9,1,1
20.33746599245262,184.12075398238946,78.0,1,123,3,0,1
20.091477669888814,181.69715922329627,73.69715922329627,1,47,13,0,1
28.637934429657612,168.6810327851712,62.6594836074144,0,111,10,0,1
26.348629825915175,177.52294473887275,80.72936601063337,1,7,12,0,1
25.97800834268304,169.07697080060936,63.131949943901766,1,135,10,0,1
25.315571849655964,170.68442815034405,77.80982991889908,1,54,47,0,1
30.60007456739242,182.0,86.0,1,42,23,0,1
25.117230542937605,149.26109922437485,46.75665953462491,0,63,25,0,1
27.792239306510925,158.15602273689524,50.779304817362465,0,71,14,0,1
22.0,177.19844941869903,83.00258430216827,0,92,1,0,1
30.68459657999119,184.67970660362997,85.66503667454626,1,42,23,0,1
19.526113835870348,182.0,70.8059404579752,1,133,3,0,1
28.40088362147472,187.08558805407503,96.91441194592495,1,60,31,0,1
23.256311574676218,187.58122947510793,96.41877052489207,1,60,31,0,1
26.08430735875251,193.06510822599597,96.70116883050302,1,115,7,0,1
27.59458852641419,186.2919052418888,83.32974065245446,1,53,14,0,1
25.90606806644989,190.46965966775056,124.01371469772384,1,129,3,0,1
21.0,173.83831620617096,65.83601641870744,0,97,10,0,1
23.95213446570548,192.0,88.0,1,53,11,0,1
25.668805328299495,165.24839600377538,56.076382683026644,1,131,49,0,1
25.60315210946639,183.98423945266805,92.77793523373528,1,60,31,0,1
21.736047329043963,177.20814198713188,65.2267455484066,1,47,35,0,1
24.610704385958023,180.33577368425185,74.49633947362221,1,47,27,0,1
20.5773874735414,176.0,85.0,1,88,0,1,1
24.778363582324747,178.22163641767526,66.57730913414021,1,41,16,0,1
22.87618362073698,182.31427543110547,68.71904590518425,1,50,32,0,1
22.891365146869525,192.3769737249854,81.26833887185492,1,107,40,0,1
28.0,175.0,64.0,1,40,22,0,1
20.9521008043982,176.0,85.0,1,88,0,1,1
23.34531533854941,177.96405398435178,86.63671165362648,1,58,37,0,1
21.189510782025728,162.87365947864953,60.126340521350485,0,100,14,0,1
25.80228370836925,179.6045674167385,75.59314887489225,1,47,26,0,1
23.214940378590757,165.71035772845545,64.35517886422772,0,100,33,0,1
28.0,175.28064821555157,64.15591567530642,1,60,29,1,1
30.9509438228007,175.0,64.0,1,40,22,0,1
22.42953241579847,174.76062344560205,72.85906483159694,1,60,44,0,1
25.8971483730315,190.5142581348425,123.92005791683074,1,129,3,0,1
25.99273249440247,184.51816876399383,84.48909874160371,1,34,25,0,1
25.612628604332443,180.371585640252,66.98421424458445,1,52,29,1,1
21.336975563267842,170.33424389081696,61.33151221836608,0,111,47,0,1
25.083648814983288,161.83270237003342,63.37452677752507,1,111,49,0,1
23.46700873433114,176.53299126566887,75.31979475940132,1,115,12,0,1
26.699448873056767,179.22541334520741,67.69944887305677,0,83,23,0,1
27.912755024814413,187.0,97.0,1,60,31,0,1
21.009017367587603,176.0,85.0,1,88,0,1,1
21.44201198213868,180.31159760357227,69.55798801786132,1,43,15,0,1
28.0,175.0,64.0,1,40,22,0,1
32.767989833804464,188.0,96.0,1,60,31,0,1
27.095511588370996,182.808976823258,83.0853860939548,0,115,33,0,1
30.79941587896898,181.79941587896897,84.59591115278286,1,44,21,0,1
24.305303529145572,179.96894587889244,76.83182117487344,1,114,14,0,1
22.0,176.0,85.0,1,88,0,1,1
25.541384001214524,184.6879239981782,80.36092266747634,1,111,35,0,1
24.360973896940028,180.69266066022035,77.16584338164016,1,114,15,0,1
22.0,178.7252537800201,80.45791036663317,0,98,2,0,1
21.834627150924486,176.0,85.0,1,88,0,1,1
26.273637261837923,190.0,121.442715596107,1,128,3,0,1
23.751186769104013,161.0,62.0,1,100,22,0,1
19.553994227042043,178.23002886478977,80.21597690816817,1,115,1,0,1
19.81486707116138,160.0,59.408138996259325,0,19,16,0,1
23.832396210486568,182.0,90.0,1,60,31,0,1
21.508216656494366,187.8729458358764,86.49178334350563,1,34,18,0,1
22.0,176.80332534077132,83.6611244320478,0,91,0,0,1
27.7737554085542,182.0,86.0,1,42,23,0,1
23.02364989986785,187.6587833667107,96.34121663328928,1,60,31,0,1
23.23089374192859,171.07682969355355,61.6154468709643,1,121,5,0,1
24.54758695469596,187.1508043484347,96.84919565156532,1,60,31,0,1
25.998672035436744,167.0,55.0,1,6,49,0,1
20.531725109070578,182.0,76.16920058170976,1,133,4,0,1
22.0,186.8848377672784,81.89395279090199,1,111,45,0,1
28.0,175.0,64.0,1,40,22,0,1
26.0,190.0,99.0,1,117,9,1,1
25.881719565894482,190.31541449094806,98.76343913178897,1,116,8,0,1
19.883274482452933,182.0,72.71079723974898,1,133,3,0,1
22.0,188.0,78.0,1,133,3,0,1
23.166904141528,160.72230138050932,50.18057534512733,0,40,4,0,1
24.43205476944737,181.40767138331577,72.88849292502634,1,46,27,0,1
30.676093619295663,181.76060532170763,79.50707021447175,1,52,17,0,1
16.27156782868639,150.3734057644438,40.74681152888758,0,99,22,0,1
21.0,192.0,88.0,1,53,11,0,1
25.621207941019595,176.4318119115294,79.72916091890194,1,7,13,0,1
29.319565758388773,181.83164185085818,79.68043424161122,1,53,16,0,1
22.115767019338527,167.76846596132293,67.82634947099221,1,111,49,0,1
25.777065956453736,182.0,90.0,1,60,31,0,1
20.948428433314927,176.0,85.0,1,88,0,1,1
24.137957349010687,177.79344553713892,75.82774409406412,1,115,14,0,1
23.621802405859718,179.60094458681564,72.0,0,87,25,0,1
26.76629668729721,190.68089952675675,82.08539716054047,1,113,45,0,1
27.342169051698644,176.60481663810947,65.60481663810948,1,82,21,0,1
19.037007634715494,158.74015269430984,52.59212215544788,1,76,48,0,1
20.0,176.0,85.0,1,88,0,1,1
27.769991162712298,176.15004418643852,64.92003534915081,1,40,20,0,1
22.0,182.72340131466368,83.27659868533632,1,133,4,0,1
18.384766008146045,180.9230467983708,72.61523399185396,1,46,18,0,1
24.30371122412186,185.73340101709675,78.94824591358419,1,49,5,0,1
27.019624891304197,153.43799942028906,47.69937481884033,0,56,17,0,1
20.92663259929867,181.27523322847125,74.97243448681638,1,114,3,0,1
21.52285072639154,165.13071268159788,49.392138044793654,0,6,41,0,1
22.423548310846947,161.0,62.0,1,100,22,0,1
22.0,176.0,85.0,1,88,0,1,1
23.62783050548311,196.3257853187117,94.25566101096622,1,113,6,0,1
30.95625750879621,183.59376251466034,92.23126752052448,1,60,31,0,1
23.251782752874018,178.74108623562992,90.13658789368112,1,15,15,0,1
23.657933244708563,161.22804450352763,61.77195549647237,0,100,21,0,1
22.079315940911524,177.92068405908847,76.15241043545309,1,115,9,0,1
25.3011215757391,191.86367579802908,97.60224315147819,1,115,8,0,1
19.12200390778269,161.0,62.0,1,100,22,0,1
20.87009887390093,160.0,51.55881351318884,0,36,4,0,1
21.957461178299226,176.0,85.0,1,88,0,1,1
27.373508363420996,191.0023866185264,98.24821003610519,1,116,8,0,1
22.942125731945577,180.2893713402721,88.12381725764624,1,15,16,0,1
29.0,171.69533849256447,80.3548278598482,1,13,49,0,1
20.40243352845267,176.0,85.0,1,88,0,1,1
27.995868221066676,190.0,99.0,1,117,9,1,1
23.75355907725855,179.0,74.4928818454829,1,90,20,0,1
22.62968197748211,187.0687531557245,86.53437657786225,1,36,18,0,1
25.186483604735304,181.60772365443697,84.60772365443697,1,7,16,0,1
29.0,187.47987562030391,96.52012437969609,1,60,31,0,1
20.25501092643674,162.25501092643674,60.74498907356326,0,100,16,0,1
22.0,176.0,85.0,1,88,0,1,1
27.920417345996476,190.19099836960845,99.07958265400353,1,117,8,0,1
24.304820241593553,196.14618731091613,86.45100755250971,1,102,44,0,1
23.328932871330665,178.0,78.0,1,48,26,0,1
24.685428009108282,182.0,86.0,1,42,23,0,1
26.57450619046665,179.04967079364442,80.09934158728886,1,46,25,0,1
23.238777145768303,161.7612228542317,60.477554291536606,1,96,12,0,1
29.11620709494884,176.0,85.0,1,88,0,1,1
19.0,161.0,62.0,1,100,22,0,1
23.989327058421427,151.44686789984897,46.574477983308164,0,52,22,0,1
30.11107563863203,182.59261624091198,85.70369187954401,1,41,23,0,1
22.0,186.93443100419964,81.83196124475045,1,111,44,0,1
21.378838706727258,191.536974914,87.62116129327275,1,53,11,0,1
29.071495738933656,164.0,51.0,0,48,10,0,1
22.098220882111747,176.0,85.0,1,88,0,1,1
22.28331940120759,180.56663880241518,74.15004179637724,1,47,27,0,1
20.69028653011777,179.84702005852097,74.92163323579841,1,47,21,0,1
26.07788369615842,185.11682554423763,77.9610581519208,0,100,5,0,1
25.436507775730128,178.87301555146027,79.74603110292051,1,46,25,0,1
23.400310528398197,182.0,86.0,1,42,23,0,1
19.281929913506687,181.64096495675335,72.14538005766221,1,46,21,0,1
22.821177995375482,162.08941100231226,60.0,0,95,10,0,1
18.087903878924642,155.42855008520408,48.35161551569857,0,99,18,0,1
23.934107079005365,177.79118307562163,79.57146200169186,1,94,19,0,1
22.44214382166872,168.1105359554172,68.88428764333743,1,111,49,0,1
29.532598488750132,184.33700755624935,93.27181057874908,1,60,31,0,1
26.159765832367878,188.6134113892107,79.45364555684283,0,106,12,0,1
28.0,190.0,99.0,1,117,9,1,1
20.05298824317814,169.91168626136977,62.0,1,111,49,0,1
23.0,181.76832829861655,65.85337361106755,0,88,20,0,1
23.859023387973117,182.458145806919,85.94273177413513,1,42,23,0,1
21.401413404030528,173.59858659596946,57.40141340403053,0,125,42,0,1
26.961316025605704,190.9613160256057,83.35357923072685,1,111,17,0,1
25.949245955933964,179.61419659914858,66.56344255508255,1,53,29,1,1
24.153349058588795,188.69330188282242,86.61598112969345,0,128,35,0,1
31.881663615933903,176.0,85.0,1,88,0,1,1
22.0,176.0,85.0,1,88,0,1,1
20.813561737855746,164.06780868927873,51.42369740787531,0,7,36,0,1
25.118337894267015,161.76332421146597,63.32249315859948,1,111,49,0,1
30.19899792666616,187.0,97.0,1,60,31,0,1
22.942157323436604,190.94215732343662,87.42157323436604,0,131,36,0,1
19.216281589014322,159.62923156168972,47.93820526028162,0,33,22,0,1
22.232428230073147,168.3486423451097,67.07028707970741,0,111,48,0,1
19.0,161.0,62.0,1,100,22,0,1
24.0,184.0,69.0,1,46,29,1,1
23.826104750780512,177.26063823985334,94.30441900312205,1,17,12,0,1
20.207515962194684,160.0,49.207515962194684,0,36,10,0,1
24.483523048591817,174.30766932992864,72.09886170844909,1,120,13,0,1
24.0,161.0,62.0,1,100,22,0,1
28.0,175.0,64.0,1,40,22,0,1
24.105001250056294,162.55250062502816,58.89499874994371,1,92,10,0,1
21.551118856326678,178.32667828449001,81.1222028591833,0,97,2,0,1
23.566723303758362,183.34290568893573,91.34290568893574,1,60,31,0,1
20.0,172.31512788553295,59.221846537360484,0,121,45,0,1
24.77881980452511,193.25648052126638,96.55763960905021,1,114,7,0,1
23.83982758432438,184.09956896081096,84.74025862351343,1,36,25,0,1
21.725539487806735,181.90851316260225,83.45107897561347,1,131,4,0,1
19.6126956868481,180.3873043131519,77.63238258789114,1,115,4,0,1
28.0,175.0,64.0,1,40,22,0,1
19.38854476384841,182.77708952769683,69.29514921282804,1,133,3,0,1
21.445007680524093,172.33248847921385,58.55499231947591,0,14,39,0,1
19.044348501770248,180.77825749114876,78.17739400708099,1,115,2,0,1
19.65446859281459,181.0,73.8272342964073,1,47,18,0,1
21.952419626375608,157.71419289669853,49.23806429889951,0,43,6,0,1
28.689516038721955,185.86088632913663,86.1028221742488,1,7,20,0,1
26.593141035126884,177.5085737060914,67.59314103512689,0,84,24,0,1
24.73903972026577,196.9561588810631,88.47807944053154,1,101,46,0,1
23.183093573858603,179.08453213070698,89.69010823008091,1,15,15,0,1
24.118065551036942,197.52773779585223,102.13655741493844,1,127,7,0,1
27.48049243247935,190.0,99.0,1,117,9,1,1
23.276579886311414,180.82973965893424,69.93605920417991,1,43,10,0,1
30.983502940315084,187.50412426492122,96.49587573507877,1,60,31,0,1
21.837907568184704,176.0,85.0,1,88,0,1,1
24.0,184.0,69.0,1,46,29,1,1
25.266964945361615,181.14932887293637,67.41629381829797,1,50,29,1,1
24.6954765620388,192.0,88.0,1,53,11,0,1
28.0,175.0,64.0,1,40,22,0,1
23.019413891944104,187.495146527014,84.9805861080559,1,31,22,0,1
19.519413422673352,160.0,55.27178791742693,0,24,18,0,1
23.63036886136193,170.77722335397854,61.815184430680965,1,123,5,0,1
21.649361931850297,178.47404289777546,80.3506380681497,0,102,2,0,1
23.47809207902193,176.0,85.0,1,88,0,1,1
27.287935389763746,191.28793538976373,95.13619383070876,1,115,11,0,1
20.737072144016835,161.4342680360042,61.13146392799158,1,97,16,0,1
23.267028270169423,161.73297172983058,60.534056540338845,1,96,13,0,1
26.635889959065473,180.36411004093452,68.84959009551389,1,42,12,0,1
22.21544387035843,186.78455612964157,86.79742602160692,1,36,18,0,1
21.341548165341575,177.02464449602473,70.75702981875732,1,96,13,0,1
29.0,187.85058172909424,96.14941827090576,1,60,31,0,1
22.734588401919606,181.20376520575883,64.39811739712059,0,89,17,0,1
22.0,188.0,78.0,1,133,3,0,1
26.511039985091017,183.95584005963593,88.9337600894539,1,42,23,0,1
23.90758561499215,184.11769976831502,66.42022830664573,0,85,22,0,1
26.0404223152809,180.9595776847191,70.2390145976779,1,43,10,0,1
24.432497596063342,188.9580520832026,88.90694310892408,1,5,29,0,1
19.483700162654152,181.4945667208847,73.49456672088472,1,47,15,0,1
25.682789789413853,191.58605105293074,121.66929278884545,1,128,3,0,1
23.642612277596786,184.07216316720965,76.54868013041393,1,48,3,0,1
18.64078236127384,180.87184352774523,72.35921763872616,1,46,18,0,1
25.116989132138237,187.0,97.0,1,60,31,0,1
22.0,176.52254974830572,84.12908375282382,0,90,0,0,1
27.0,178.0979109276859,68.51547946989378,0,82,24,0,1
24.01071312555485,182.01606968833227,78.99464343722258,0,100,4,0,1
32.23052476887482,185.71754128145804,95.20455779404125,1,60,31,0,1
20.321519792096616,176.0,85.0,1,88,0,1,1
27.725769168833438,190.81796702411907,82.90780214471437,1,114,46,0,1
27.335731644084515,176.6498784914084,65.64987849140839,1,82,21,0,1
26.0,190.0,111.80583892221826,1,123,6,0,1
23.038315230301002,191.0,87.97445651313267,0,132,36,0,1
29.425923733650173,173.15741946492403,83.42592373365018,1,118,44,0,1
32.46770767350297,176.0,85.0,1,88,0,1,1
21.037627643945154,188.0,87.0752552878903,1,34,16,0,1
22.159067635083343,161.0,62.0,1,100,22,0,1
23.96078567574336,192.0,88.0,1,53,11,0,1
30.536022812398446,175.0,64.0,1,40,22,0,1
26.319883037726843,182.0,90.0,1,60,31,0,1
23.220154604848858,185.13799013696487,91.88061841939543,1,23,10,0,1
24.572077444692166,192.0,88.0,1,53,11,0,1
23.76102790250203,199.52205580500404,101.37130692752231,1,116,8,0,1
25.330132629408883,169.75240052794334,56.83493368529556,0,10,43,0,1
23.0,181.037007996141,71.70393603087196,0,88,23,0,1
25.923150505651826,167.34187216603868,60.811826822657665,1,4,38,0,1
27.060975145071584,169.2652437862679,78.12195029014318,1,117,49,0,1
27.524196738570122,184.27188757795994,85.13594378897997,1,39,24,0,1
27.282431904065245,183.38494163205593,69.92258755191611,1,46,28,0,1
19.93722848723645,176.74456974472903,66.99565579578322,1,63,41,0,1
22.0,187.24845711079675,81.43942861150407,1,111,44,0,1
25.864325881789657,181.59297764536896,67.54269647284137,1,112,3,0,1
30.388437196638204,176.0,85.0,1,88,0,1,1
22.0,176.87548373406415,83.5408604432264,0,91,0,0,1
24.730597594124912,192.0,88.0,1,53,11,0,1
27.417829539823728,177.91085230088137,66.32868184070509,1,41,17,0,1
21.383532227811827,180.07529834171774,68.34588305695296,1,57,36,0,1
21.862746553302433,168.13725344669757,63.86274655330243,0,104,41,0,1
28.0,183.5883216956874,68.77128983093743,1,45,28,0,1
31.899242356933364,183.02770555078098,85.87153680615238,1,42,23,0,1
24.053022061645205,176.15906618493563,74.78791175341918,1,115,13,0,1
24.062244289428616,199.68877855285692,103.84438927642846,1,117,9,1,1
21.49930366348585,176.0,85.0,1,88,0,1,1
22.739827519738736,182.7805174407838,86.13008624013064,1,41,22,0,1
22.0,176.0,85.0,1,88,0,1,1
29.901652334164794,182.0,90.0,1,60,31,0,1
25.110617757644988,191.75664093318102,87.80088803623903,1,53,11,0,1
20.0,173.38194890425228,57.941661314897246,0,125,43,0,1
22.465929571213998,180.93185914242798,73.60221128635801,1,47,27,0,1
24.459185164384415,169.62244450684676,58.852037089038966,0,116,46,0,1
26.783067636245537,187.3167046233935,96.68329537660651,1,60,31,0,1
25.32458376173951,180.79673518289772,73.56722165101398,1,133,11,0,1
23.189013330253328,172.72637333371833,65.29341332447831,0,15,41,0,1
27.988498000630845,190.0287549984229,99.01437749921145,1,117,9,1,1
29.70472520894389,175.0,64.0,1,40,22,0,1
28.25693512164838,181.32642058639553,72.0,0,81,31,0,1
23.83637617880833,192.03651414569998,101.05477121854996,1,42,23,0,1
22.82076180500028,171.3844286462498,61.410380902500144,1,119,4,0,1
23.225271096874046,178.32418670937787,86.93682225781488,1,58,36,0,1
24.44153922557752,177.32461767673257,73.23384309768991,1,115,11,0,1
33.25857058945741,187.91761895438415,96.08238104561585,1,60,31,0,1
31.721997208298852,187.3195006979253,96.68049930207471,1,60,31,0,1
24.418421500032053,188.0,96.0,1,60,31,0,1
23.459335742983885,188.99414520301968,85.54066425701612,1,53,12,0,1
23.85259068675123,183.70518137350246,69.4422279397463,1,46,28,0,1
26.208463134247204,187.0,97.0,1,60,31,0,1
21.83832599478699,178.161674005213,76.2970044031278,1,115,9,0,1
28.225536319329606,175.0,64.0,1,40,22,0,1
23.67890926770449,185.48163609844326,93.48163609844326,1,60,31,0,1
27.108207581312683,169.44589620934366,62.27705189532817,0,112,8,0,1
21.78316078573956,176.83127282648368,66.01202801018603,1,134,5,0,1
29.98363277416463,164.54843040469734,52.91950641644069,0,45,8,0,1
19.01602235204017,180.91988823979915,78.06408940816068,1,115,2,0,1
22.77199798105487,161.8186680126301,61.181331987369916,0,100,18,0,1
23.47049601839567,161.0,62.0,1,100,22,0,1
21.379727635346516,177.3797276353465,78.5506809116337,1,115,0,0,1
18.63931411207525,180.36068588792475,74.06552352012541,1,47,20,0,1
25.03113408288451,159.31134082884512,40.71608390634376,0,126,3,0,1
26.91000095225531,191.0,85.39333269849647,0,121,44,0,1
20.0,162.9482107497901,65.68526343723761,0,11,16,0,1
26.0,160.67820875080182,61.05050774887746,1,113,49,0,1
28.321481119701314,176.0,85.0,1,88,0,1,1
19.222646004596946,181.58651456289138,67.8409671395736,1,133,3,0,1
22.886846905781272,182.62894896859376,74.62894896859376,1,47,5,0,1
23.86862316795561,199.7372463359112,102.55485484751172,1,117,8,0,1
29.106387411166967,182.0,90.0,1,60,31,0,1
25.916312621423792,187.22907815535595,96.77092184464405,1,60,31,0,1
24.37913291246755,166.68956645623376,54.068699368701324,0,6,47,0,1
23.911808072456008,171.044095963772,61.477952018114,0,114,5,0,1
21.25244064326283,176.0,85.0,1,88,0,1,1
22.918714143776715,186.65622438841194,83.13124487768239,1,112,47,0,1
21.934947641017494,168.0650523589825,67.80484292305249,1,111,49,0,1
29.395760760921565,187.07915215218432,96.9208478478157,1,60,31,0,1
26.08325157260369,184.83349685479263,84.30009811287557,0,120,34,0,1
26.59307458195235,181.1861491639047,84.3722983278094,1,43,23,0,1
26.1478211878996,176.0,85.0,1,88,0,1,1
25.586540944811972,189.586540944812,81.70384913377437,1,111,17,0,1
23.500743168810203,180.0,68.0,1,42,14,0,1
24.0,161.0,62.0,1,100,22,0,1
27.569694105100538,183.13938821020108,85.43030589489946,1,40,24,0,1
21.802098906801348,192.0,88.0,1,53,11,0,1
21.457972733707184,161.0,62.0,1,100,22,0,1
30.192626811225402,182.32104468537568,90.44946255952594,1,60,31,0,1
22.163942803828796,167.8524003731984,62.92620018659921,1,95,10,0,1
24.193019786694705,187.2689934044351,96.7310065955649,1,60,31,0,1
25.380472805097504,169.16582740892062,67.95118201274376,0,80,34,0,1
24.172533712465018,190.31036195892358,79.86217175354145,1,112,41,0,1
27.179119403672797,194.18654104357262,86.27610074540901,1,108,47,0,1
30.965138380275697,182.0232410798162,85.9883794600919,1,41,23,0,1
25.565318673232646,165.3622344389728,55.50712821456191,1,131,49,0,1
26.860051548746522,176.0,85.0,1,88,0,1,1
24.0,184.0,69.0,1,46,29,1,1
30.999897259403483,187.39997945188068,96.6000205481193,1,60,31,0,1
21.87498773612791,162.4166748425814,60.58332515741861,0,100,16,0,1
25.77992754450617,176.44014491098767,59.135126797114204,0,81,12,0,1
20.258898425297158,181.02085678032444,68.2797552056216,1,133,5,0,1
29.8805960444266,187.77985098889334,96.22014901110666,1,60,31,0,1
26.15847530139343,170.4754259041803,80.39618825348357,1,56,48,0,1
23.597465263710856,172.40253473628914,72.31188884387474,1,52,43,0,1
29.055628394236425,167.47534910790912,62.685209464745476,0,109,12,0,1
23.726135047587583,196.0636398730998,94.45227009517517,1,113,6,0,1
23.959987779801438,183.87996333940433,68.93331296633573,1,46,29,0,1
22.0,176.0,85.0,1,88,0,1,1
24.99110522761085,170.00667107929186,57.00444738619458,0,11,43,0,1
20.61815573431812,160.0,54.58213118818257,0,30,7,0,1
28.40492994108821,167.67781526510308,54.89260508836769,1,79,10,0,1
22.0824592155916,181.44035131651307,73.15613551835605,1,113,3,0,1
23.941374915484896,182.98045830516162,74.98045830516163,1,47,3,0,1
20.285229157707942,180.02061607526804,74.63230654121996,1,47,21,0,1
25.106269860308267,185.3405952095376,80.07084657353884,1,111,35,0,1
26.0,190.0,99.0,1,117,9,1,1
26.402507724836724,168.75313465604592,64.46692714264788,1,8,49,0,1
26.0996093263741,148.53124974066188,46.16601554395683,0,60,21,0,1
28.0,175.0,64.0,1,40,22,0,1
21.427690514185635,155.42769051418563,40.0,0,115,10,0,1
23.336421229784698,161.0,62.0,1,100,22,0,1
25.027214062169094,190.43245915173844,80.59475491043065,1,112,42,0,1
26.136789814823594,183.7948152777646,80.75785987654906,1,111,34,0,1
28.0,175.0,64.0,1,40,22,0,1
23.20090146546886,183.99924877877595,82.20015024424481,1,13,17,0,1
19.83741291129535,161.0,62.0,1,100,22,0,1
29.581728638662398,193.5817286386624,88.2548140840128,1,112,16,0,1
25.999267255019994,165.27286049908727,55.455011746805454,0,42,5,0,1
19.0,181.0,78.0,1,115,3,0,1
22.0,182.18951686895386,90.18951686895386,1,60,31,0,1
23.25515101502524,181.3621224624369,64.51030203005048,0,87,19,0,1
22.0,176.0,85.0,1,88,0,1,1
21.54129633530107,177.6238890059032,72.95425968831178,1,95,14,0,1
27.418121038901834,186.2543631167055,74.09060519450917,0,103,5,0,1
33.870969123746086,187.87096912374608,96.12903087625392,1,60,31,0,1
24.143652271470287,180.0,68.0,1,42,14,0,1
24.801728083069793,179.18963150158126,76.21555274762812,1,47,26,0,1
25.642199229828776,180.0183505776284,66.64219922982878,0,84,22,0,1
22.74069954501395,171.44447534123952,61.37034977250698,1,118,4,0,1
21.240344539154027,191.27896638253793,86.95850699699922,1,52,10,0,1
21.789633312121055,183.21188315302896,80.94816656060527,1,13,19,0,1
27.190369504614946,167.0,55.0,1,6,49,0,1
22.278915610262544,178.19242676045008,68.82702230037506,0,97,9,0,1
27.5476817154817,177.2615914225915,65.8092731380732,1,40,18,0,1
23.0,181.6435776951965,66.8513784384278,0,88,20,0,1
27.052805321872228,172.15841596561668,66.6848186265528,1,134,14,0,1
22.878873347712677,186.92635808702133,86.46317904351066,1,36,19,0,1
31.571409874214126,182.6530398562447,85.91837001796941,1,42,23,0,1
22.422464587933945,190.06035208399055,78.36211250394338,1,111,38,0,1
28.02317412791883,176.0,85.0,1,88,0,1,1
21.31908936022638,162.84045531988681,60.0,0,99,13,0,1
21.743567133184403,168.89751503385457,66.46140279910642,0,113,47,0,1
37.123144050567824,170.53449791150632,89.68471607585174,1,88,18,0,1
29.80692204655305,182.0,90.0,1,60,31,0,1
25.641729457602253,175.0,64.0,1,56,32,0,1
28.543056674490405,176.0,85.0,1,88,0,1,1
27.738191042854876,191.0,84.84120597143009,0,118,46,0,1
24.365168897996497,180.0,68.0,1,42,14,0,1
23.50541285064058,186.00360856709372,82.50180428354686,1,21,23,0,1
25.223182245311843,184.44290840750105,87.44290840750105,1,18,10,0,1
22.0,176.8423946651832,83.59600889136132,0,91,0,0,1
18.685364223993897,180.3146357760061,74.1422737066565,1,47,20,0,1
24.985335664226966,187.00366608394324,83.01466433577303,1,28,27,0,1
27.823552135027484,175.0,64.0,1,60,29,0,1
24.650325686346935,184.45423392251018,78.90195411808162,1,112,15,0,1
25.997712254645727,189.99771225464573,82.19725470557488,1,111,17,0,1
28.31977175756871,171.4825106667442,59.842967151606786,0,42,18,0,1
23.072198408979176,166.56680954612494,64.78340477306247,0,100,35,0,1
28.0,175.0,64.0,1,40,22,0,1
28.0,181.68085400339908,67.71158555744393,1,44,27,0,1
25.31311478369658,177.6868852163034,66.14950817304273,1,41,17,0,1
27.946180043267045,189.31727494591618,95.20963503245028,1,60,31,0,1
27.454338139532616,186.36301441859786,74.27169069766308,0,103,5,0,1
21.74270652119998,186.1166956608003,90.0,1,60,31,0,1
22.14901333110385,179.44703999331153,65.27648000334423,0,91,15,0,1
21.270325037265184,180.34593499254697,69.72967496273482,1,43,15,0,1
27.628961237015396,183.2579224740308,85.3710387629846,1,40,24,0,1
22.0,176.0,85.0,1,88,0,1,1
27.759344851525107,187.63901727728765,77.12032757423745,0,100,5,0,1
22.79781102326531,180.19671653489797,77.86703149612245,0,95,17,0,1
18.893377042861967,157.52278031144112,51.57350817144787,0,99,17,0,1
20.87723083837918,176.0,85.0,1,88,0,1,1
22.626288302075682,161.0,62.0,1,100,22,0,1
20.513331058575297,166.4600068242741,60.193385652768164,0,4,30,0,1
23.379730285755016,182.01261409534672,72.0,1,87,24,0,1
24.0,184.0,69.0,1,46,29,1,1
31.67418609689817,186.62623258501236,85.42172092687346,1,42,23,0,1
26.0,161.38413898617526,60.06220541935464,1,117,49,0,1
23.592350328593362,163.4458980284398,63.222949014219914,0,100,28,0,1
23.701093235066473,182.0,86.0,1,42,23,0,1
21.789337810994333,164.736026865966,56.31470248795467,1,39,3,0,1
24.86889975069045,194.52440099723822,100.88516708218259,1,123,7,0,1
20.73687955981496,176.0,85.0,1,88,0,1,1
32.86820884309303,171.19933906724583,77.07085257410967,0,83,29,0,1
21.39470305538178,190.81589083385467,86.28962009334562,1,52,9,0,1
23.147474894046265,181.4424246821388,67.57912482341044,1,46,31,0,1
19.272902438003076,181.63677235534053,78.0,1,116,3,0,1
20.179683108870243,162.33588041531314,61.46095067338928,0,16,19,0,1
22.662803274467144,183.0498267003045,86.0498267003045,1,5,20,0,1
29.88558037616656,181.65674112849968,89.7139509404164,1,59,31,0,1
27.63804609458102,190.0,99.0,1,117,9,1,1
23.436844719891262,183.01930434641295,65.16491925304337,0,86,20,0,1
22.03088857420786,172.96911142579214,58.030888574207864,0,121,43,0,1
26.26938247917776,180.9889242976127,83.98892429761271,1,8,14,0,1
28.96599921018009,168.51700039490996,62.74149980254502,0,111,10,0,1
21.554694744997335,163.328168469984,54.437557959978676,1,39,3,0,1
22.0,177.45554793821094,82.57408676964845,0,93,1,0,1
29.359233369399767,180.98083423499415,85.59233369399766,1,10,45,0,1
21.62819659426029,173.3718034057397,57.62819659426029,0,124,43,0,1
27.50942838224493,188.16352387258502,77.6540954903401,0,101,7,0,1
26.301896903169368,165.2178369266965,55.26242924343767,0,42,5,0,1
23.091763032994137,166.785886256347,64.90823696700586,0,100,37,0,1
29.0,187.74186656729887,96.25813343270113,1,60,31,0,1
22.626946658165167,170.65673666454128,60.68652667091742,0,111,47,0,1
29.325190064224696,180.12975160561737,85.25190064224695,1,11,45,0,1
27.906107497253597,177.4143118798062,68.9061074972536,0,82,25,0,1
23.5234946428734,182.0,86.0,1,42,23,0,1
25.090536864764367,178.18107372952872,77.7283894057069,1,47,26,0,1
21.45378954138364,193.4621045861636,92.72273724830184,1,60,31,0,1
25.527899073307072,166.41630278007878,56.18025231673232,0,127,48,0,1
27.559019516019923,181.36748373665006,82.07349674733001,1,112,34,0,1
26.509273715262623,183.01854743052525,91.01854743052525,1,60,31,0,1
22.55932184566805,179.67796553700416,66.59886974278008,1,46,33,0,1
21.966971412118422,155.96697141211843,40.0,0,116,9,0,1
25.631066927060875,169.60436712235654,68.57766731765219,0,80,34,0,1
28.829349716058328,176.0,85.0,1,88,0,1,1
26.00514290964948,179.49742854517527,68.99485709035052,1,84,24,0,1
20.76571002679194,176.0,85.0,1,88,0,1,1
23.05255948180188,179.51867339737464,69.93222783114554,0,97,8,0,1
32.49887427629715,186.16479046049525,95.83070664469335,1,60,31,0,1
23.173334514018222,186.8380960814416,83.16761921628832,1,112,47,0,1
21.926657146132914,176.0,85.0,1,88,0,1,1
27.73640201506564,183.47280403013127,85.26359798493436,1,40,24,0,1
25.336195472378193,185.31902263810903,94.64663169335263,1,60,31,0,1
20.525369124250187,166.42389262724944,59.91651014224572,0,4,30,0,1
27.909193142784382,190.8441704489692,83.06502269381518,1,114,47,0,1
20.777319388199786,176.0,80.63969107065037,1,116,2,0,1
22.243936906809743,162.1707087287935,60.82929127120649,0,100,17,0,1
21.05382975589393,177.60481384153977,67.47308512205304,1,62,39,0,1
25.20584121003677,185.97079394981617,95.55911152974262,1,60,31,0,1
25.111919619397728,186.44040190301135,96.2165626642159,1,60,31,0,1
21.0,167.1579968921359,51.6974961151699,0,8,40,0,1
30.0,176.0,85.0,1,88,0,1,1
22.593508584003096,181.18701716800618,73.21947424799072,1,46,27,0,1
22.0,176.0,85.0,1,88,0,1,1
21.275404784679566,175.35409186601657,64.19671770334254,1,47,37,0,1
27.14523060192981,184.4884396560401,85.24421982802005,1,39,24,0,1
23.617592226267483,176.6434029151497,66.19120388686626,1,62,35,0,1
23.933875017527903,161.0661249824721,61.867750035055806,1,99,21,0,1
28.1030633701395,165.78690726516274,62.68384389502325,0,107,15,0,1
24.550643660818746,175.0,64.0,1,54,33,0,1
18.291010013352746,180.87528142284881,73.20786429525197,1,47,19,0,1
28.85165679903791,165.631775210583,52.92846161250716,0,46,11,0,1
28.893040983670776,167.0802192622469,55.053479508164614,0,6,48,0,1
23.209287821383725,181.4070178394128,63.651186964360456,0,87,18,0,1
19.0,161.0,62.0,1,100,22,0,1
22.0,176.0,85.0,1,88,0,1,1
24.443520248737997,180.278239875631,70.556479751262,1,86,24,0,1
21.264163410959956,176.79249023287986,66.60375488356007,0,95,11,0,1
26.45473985563386,181.26942245422438,72.0,0,81,31,0,1
24.453211914262248,163.60917220005476,63.54678808573775,0,105,42,0,1
22.0,176.0,85.0,1,88,0,1,1
21.333135742453894,184.3331357424539,85.33432128773052,1,8,22,0,1
27.162092471462124,175.9775587832942,71.95511756658838,1,133,16,0,1
37.880105640509285,169.20981512910873,90.82015846076393,1,88,23,0,1
30.0,176.0,85.0,1,88,0,1,1
20.409361525473294,162.4093615254733,60.590638474526706,0,100,16,0,1
24.00926726061474,182.4037069042459,85.79814654787705,1,41,23,0,1
20.653135133350165,176.0,85.0,1,88,0,1,1
27.93982409221454,190.0,99.0,1,117,9,1,1
19.281702147368254,182.5634042947365,68.93900715789418,1,133,3,0,1
29.309591527099496,175.0,64.0,1,40,22,0,1
23.224999122781714,166.11249956139085,52.33749868417257,0,6,45,0,1
28.0,175.0,64.0,1,40,22,0,1
21.46855063165784,186.7599514738683,78.0,1,129,3,0,1
23.229496191095343,171.0778778566785,61.61474809554767,1,121,5,0,1
20.838115289648112,170.89549876542543,59.48565413105567,0,16,34,0,1
24.055385780525977,183.66768531684414,69.49847202473379,1,46,28,0,1
30.0,176.0,85.0,1,88,0,1,1
27.994349528016855,169.52542712392415,55.50847570797472,1,79,10,0,1
21.675069318591504,155.41416688241458,47.23569448040243,0,43,22,0,1
28.52438006208513,175.0,64.0,1,40,22,0,1
21.85878050672234,178.57634152016703,65.71182923991648,0,93,13,0,1
23.0,190.817677641819,88.42541883575572,0,133,35,0,1
21.0,192.0,88.0,1,53,11,0,1
21.931419746905316,162.37905350206313,60.62094649793688,0,100,16,0,1
28.353026771554493,167.91137952800477,54.97045984266826,1,79,10,0,1
19.21567515239772,179.92162423801142,78.86270060959087,1,115,2,0,1
28.0,175.0,64.0,1,40,22,0,1
26.030677971729208,183.2122711886917,85.39386440565416,1,40,24,0,1
20.046301068875522,184.09260213775104,71.48767022958508,1,133,3,0,1
23.467034848460045,161.0,62.0,1,100,22,0,1
24.26276243682429,167.2098342644425,65.15690609206072,0,79,37,0,1
29.000586274229335,190.987688241184,84.0,1,115,49,0,1
19.048212038860555,158.96424077721113,52.771392621768896,1,76,48,0,1
27.02282581577868,179.88587092110657,67.90869673688528,1,41,14,0,1
26.627631842891482,187.0,97.0,1,60,31,0,1
24.48301380134904,178.0,78.0,1,48,26,0,1
24.69431290434964,166.08807257970864,56.52330161159209,1,128,49,0,1
29.73193495605333,175.0,64.0,1,40,22,0,1
21.476898418502653,176.0,85.0,1,88,0,1,1
28.242968877397303,179.66367117431483,82.2429688773973,1,113,34,0,1
21.0,169.76687742679172,54.95859678348967,0,11,39,0,1
28.364834192183807,192.3648341921838,85.03780103062057,1,111,17,0,1
21.326846301054907,156.01112062676302,47.33518677112717,0,42,22,0,1
27.65492159358881,190.0392297097063,83.80784594194125,1,114,48,0,1
27.0,177.3359959434363,68.95085946089354,0,82,25,0,1
27.595627297717268,186.78688189315181,74.97813648858634,0,102,5,0,1
28.128833370374135,171.09816640738106,60.098166407381065,1,80,16,0,1
24.728663135299914,175.81783421617502,74.0891710808751,1,119,14,0,1
27.87979094462939,175.60104527685303,64.48083622148243,1,40,21,0,1
25.277554510195753,194.3559127836868,95.73306541223491,1,114,7,0,1
21.017275981494365,191.9481720555169,87.92513741352442,1,52,10,0,1
32.70165668039892,176.0,85.0,1,88,0,1,1
23.931692278971184,170.80123079077163,57.53415386051441,0,12,42,0,1
22.20765461678149,184.37703614965554,86.39617269160925,1,39,20,0,1
22.390934413379725,162.30453279331013,60.0,0,96,11,0,1
27.388558101270345,182.7771162025407,85.61144189872965,1,41,23,0,1
26.0,175.38432347147037,84.48693622622531,1,57,40,0,1
27.237544130874326,182.47508826174865,85.76245586912567,1,41,23,0,1
21.49300716651736,180.23951074977603,68.37325179162934,1,56,36,0,1
20.454539254526303,176.0,85.0,1,88,0,1,1
21.78041222869467,187.56082445738934,77.26804076231556,1,133,3,0,1
26.224140153669644,190.6034485933814,81.62069156028826,1,113,44,0,1
20.668212798555015,171.34106399277508,63.31323361878479,0,11,31,0,1
22.141528961971158,180.28305792394232,74.57541311408653,1,47,27,0,1
20.60951786859828,176.17144639420516,68.87939874460973,1,115,3,0,1
23.24042843964154,178.7978578017923,90.06278485767001,1,15,15,0,1
24.863333649571825,187.22333744443372,80.18000189743096,1,111,16,0,1
24.366427504046474,175.0,64.0,1,54,33,0,1
20.437545632889194,180.04163624474054,78.95836375525946,0,107,3,0,1
23.12821032903218,197.7948634735485,93.15385239483861,1,112,6,0,1
20.02374348287847,180.31750434474768,78.68249565525231,0,109,3,0,1
26.958435049713145,192.4376525745697,88.19804381214144,1,8,30,0,1
20.2023544382062,160.0,49.2023544382062,0,36,10,0,1
23.58017236922733,163.518965784636,63.259482892318005,0,100,28,0,1
24.932794906546242,195.3360254672688,113.79434651873555,1,123,6,0,1
26.78418981441311,190.0,99.0,1,117,9,1,1
21.764883261542128,178.2946497846264,76.94348240004767,0,99,4,0,1
19.56104278385172,182.30909982898734,78.0,1,118,3,0,1
20.409384618867527,179.59061538113247,77.15436922867949,1,115,6,0,1
20.911047391909868,162.91104739190988,60.08895260809013,0,100,14,0,1
27.89060450394183,187.83590675591273,77.05469774802908,0,100,5,0,1
19.391555971367094,161.3915559713671,61.60844402863291,0,100,20,0,1
24.96974850008743,187.00756287497813,83.03025149991257,1,28,27,0,1
24.115151715072383,186.82727242739142,79.41010114338158,1,111,36,0,1
22.101969451050014,179.20393890210002,77.38818329369992,1,94,19,0,1
29.052141627389606,174.1913406691867,72.0,0,82,29,0,1
29.270345447963066,176.0,85.0,1,88,0,1,1
26.241069561158245,170.72320868347472,80.6026739028956,1,56,47,0,1
27.0,172.4589478123614,71.73774410722206,0,81,30,0,1
20.0,173.24188656380184,58.109736123437806,0,125,43,0,1
28.0,175.0,64.0,1,40,22,0,1
22.0,184.91523055511794,81.08476944488204,1,133,4,0,1
21.540659406323048,175.94578745823594,71.08131881264609,1,61,43,0,1
25.14538129411423,187.00588968626653,69.72101678430462,0,82,27,0,1
31.072899649262865,185.84373978955773,85.0,1,40,24,0,1
29.787896408669347,164.0,51.0,0,48,10,0,1
26.686709786597966,182.0,86.0,1,42,23,0,1
25.93392309746801,186.066076902532,83.622615398312,1,31,27,0,1
21.0,168.06566081695806,62.72766351682357,0,98,12,0,1
24.567698651553613,197.16150674223195,102.58075337111597,1,117,9,1,1
23.817872002200602,195.81900799413174,94.6357440044012,1,113,6,0,1
28.30839281220281,187.0,97.0,1,60,31,0,1
21.48754437334779,192.0,88.0,1,53,11,0,1
31.27540260186128,175.0,64.0,1,40,22,0,1
21.27552858414007,173.72447141585994,57.27552858414007,0,125,42,0,1
33.09280826152187,187.81856165230437,96.18143834769563,1,60,31,0,1
26.352287371338843,162.10065353466825,49.57549015100118,0,40,15,0,1
28.29095373827757,171.79950887894677,60.21760140239162,0,42,18,0,1
